D1 [cm],D2 [cm],D3 [cm],D4 [cm],setup length [m],Pz [eV/c],"f(x',y') [mrad^2]",x acceptance [mrad],y acceptance [mrad],beam ratio [-]
34.0,45.8544,59.994099999999996,,1.2,200000000.0,1000000000.0,0.0,0.0,0.0
34.0,45.8544,59.994099999999996,,1.2,250000000.0,1000000000.0,0.0,0.0,0.0
34.0,45.8544,59.994099999999996,,1.2,300000000.0,1000000000.0,0.0,0.0,0.0
34.0,2.5002,4.8058,,1.2,350000000.0,0.025828820569,10.0,8.3,1.68
34.0,2.7255000000000003,5.3277,,2.0,400000000.0,8.285641065999998e-17,10.0,8.4,8.02
34.0,3.0835000000000004,9.9532,,2.0,450000000.0,3.9862377e-27,10.0,8.5,2.19
34.0,3.5980000000000003,15.056,,2.0,500000000.0,2.239743866e-11,9.9,8.6,1.8
34.0,4.1411,21.0725,,2.0,550000000.0,1.747616593e-13,9.9,8.6,1.43
34.0,4.6157,28.7021,,2.0,600000000.0,8.01003188e-12,9.9,8.7,0.66
34.0,4.8067,40.2423,,2.0,650000000.0,1.32163323641e-11,9.8,8.7,0.16
34.0,42.07770000000001,59.994099999999996,,1.2,700000000.0,1000000000.0,0.0,0.0,0.0
34.0,39.2018,59.994099999999996,,1.2,750000000.0,1000000000.0,0.0,0.0,0.0
34.0,37.5512,59.994099999999996,,1.2,800000000.0,1000000000.0,0.0,0.0,0.0
34.0,36.731500000000004,59.994099999999996,,1.2,850000000.0,1000000000.0,0.0,0.0,0.0
34.0,36.2446,59.994099999999996,,1.2,900000000.0,1000000000.0,0.0,0.0,0.0
34.0,35.9161,59.994099999999996,,1.2,950000000.0,1000000000.0,0.0,0.0,0.0
34.0,35.8656,59.994099999999996,,1.2,1000000000.0,1000000000.0,0.0,0.0,0.0
33.0,46.851499999999994,59.994099999999996,,1.2,200000000.0,1000000000.0,0.0,0.0,0.0
33.0,46.851499999999994,59.994099999999996,,1.2,250000000.0,1000000000.0,0.0,0.0,0.0
33.0,2.5000999999999998,4.8058,,1.2,300000000.0,0.481732734116,10.4,8.3,0.07
33.0,2.5002,4.8058,,1.2,350000000.0,0.026650032625,10.3,8.5,2.06
33.0,2.6546,5.7637,,2.0,400000000.0,8.932214953e-25,10.3,8.6,0.28
33.0,3.0879000000000003,10.302100000000001,,2.0,450000000.0,4.84760189e-18,10.2,8.7,0.67
33.0,3.648,15.3618,,2.0,500000000.0,4.7906270389e-14,10.2,8.8,0.25
33.0,4.2295,21.334400000000002,,2.0,550000000.0,2.8255781924e-12,10.2,8.8,2.52
33.0,4.7428,28.889499999999998,,2.0,600000000.0,1.075532473e-11,10.1,8.9,0.47
33.0,4.9878,40.1828,,2.0,650000000.0,8.82297430276e-11,10.1,8.9,19.32
33.0,42.9794,59.994099999999996,,1.2,700000000.0,1000000000.0,0.0,0.0,0.0
33.0,39.801,59.994099999999996,,1.2,750000000.0,1000000000.0,0.0,0.0,0.0
33.0,38.037,59.994099999999996,,1.2,800000000.0,1000000000.0,0.0,0.0,0.0
33.0,37.152,59.994099999999996,,1.2,850000000.0,1000000000.0,0.0,0.0,0.0
33.0,36.6395,59.994099999999996,,1.2,900000000.0,1000000000.0,0.0,0.0,0.0
33.0,36.4145,59.994099999999996,,1.2,950000000.0,1000000000.0,0.0,0.0,0.0
33.0,36.1949,59.994099999999996,,1.2,1000000000.0,1000000000.0,0.0,0.0,0.0
5.0,2.5003,4.805899999999999,,1.2,200000000.0,1.1869418329,34.6,35.0,0.25
5.0,2.5000999999999998,4.9498,,1.2,250000000.0,0.0449402301,33.5,36.0,0.78
5.0,3.3451,7.0936,,2.0,300000000.0,1.2804956744e-12,30.0,36.7,0.16
5.0,4.930899999999999,10.400699999999999,,2.0,350000000.0,1.5844623425e-12,25.6,37.2,0.49
5.0,6.543200000000001,14.033299999999999,,2.0,400000000.0,4.738448098e-09,22.1,35.7,1.51
5.0,8.1599,18.0652,,2.0,450000000.0,1.6343352050000002e-17,19.2,33.5,0.49
5.0,9.7602,22.610300000000002,,2.0,500000000.0,1.6305290369999994e-09,16.8,31.6,2.21
5.0,11.3203,27.8654,,2.0,550000000.0,5.4390429e-09,14.8,29.9,2.11
5.0,12.8057,34.1866,,2.0,600000000.0,2.639718304e-09,12.9,28.5,1.98
5.0,14.1492,42.4115,,2.0,650000000.0,8.663705919999997e-10,11.2,27.3,2.07
5.0,15.113399999999999,55.9695,,2.0,700000000.0,3.5135329699999997e-16,9.3,26.5,3.65
5.0,13.5249,33.1369,,1.2,750000000.0,1.0820464058,13.6,27.7,2.22
5.0,14.195,32.9173,,1.2,800000000.0,1.2360208484,13.7,27.1,2.08
5.0,14.681099999999999,32.8021,,1.2,850000000.0,1.3754062229,13.8,26.7,1.95
5.0,15.0867,32.6053,,1.2,900000000.0,1.5008196943999998,13.8,26.3,1.85
5.0,15.4755,32.4729,,1.2,950000000.0,1.6133505736,13.9,25.9,1.78
5.0,15.8461,32.3199,,1.2,1000000000.0,1.7142294436000003,14.0,25.6,1.72
8.0,2.5002,4.8058,,1.2,200000000.0,2.40292786,36.1,25.6,0.17
8.0,2.5000999999999998,4.8058,,1.2,250000000.0,0.180416806281,34.8,26.4,0.22
8.0,2.5000999999999998,9.2038,,1.2,300000000.0,0.0128843441049999,29.6,27.0,0.94
8.0,3.8787000000000003,9.8234,,2.0,350000000.0,7.1008685316e-26,27.8,27.4,0.24
8.0,5.3511,13.4891,,2.0,400000000.0,2.8311734125e-08,23.9,27.7,4.27
8.0,6.8445,17.5579,,2.0,450000000.0,4.470289808000001e-13,20.8,27.9,2.82
8.0,8.3346,22.150199999999998,,2.0,500000000.0,2.9239773149e-10,18.1,28.2,2.86
8.0,9.794400000000001,27.462,,2.0,550000000.0,3.95490056e-09,15.8,27.0,1.79
8.0,11.186900000000001,33.869699999999995,,2.0,600000000.0,1.2201649299999999e-09,13.8,25.9,1.79
8.0,12.4396,42.246,,2.0,650000000.0,2.9217432339999998e-09,11.9,25.0,1.93
8.0,13.2825,56.4732,,2.0,700000000.0,3.6168888529e-12,9.7,24.4,0.39
8.0,13.577,31.577199999999998,,1.2,750000000.0,1.0084130450000002,14.1,24.3,2.51
8.0,14.395999999999999,31.274,,1.2,800000000.0,1.1592638545,14.1,23.7,2.3
8.0,15.080499999999999,30.8736,,1.2,850000000.0,1.2975383909000002,14.1,23.3,2.13
8.0,15.8675,30.586100000000002,,1.2,900000000.0,1.4234813881000008,14.1,22.8,2.04
8.0,16.3124,30.503899999999998,,1.2,950000000.0,1.5375641896000003,14.1,22.6,1.93
8.0,16.7128,30.4179,,1.2,1000000000.0,1.6407032744,14.2,22.3,1.84
6.0,2.5002,4.805899999999999,,1.2,200000000.0,1.5526010835999997,36.3,31.2,0.22
6.0,2.5000999999999998,4.8058,,1.2,250000000.0,0.0758578973,34.5,32.2,0.52
6.0,3.0068,6.9108,,2.0,300000000.0,2.831882992900001e-12,30.9,32.8,0.12
6.0,4.5392,10.2256,,2.0,350000000.0,3.596749424929601e-19,26.4,33.3,0.01
6.0,6.1051,13.8708,,2.0,400000000.0,2.6542034989e-08,22.8,33.7,2.23
6.0,7.6813,17.9136,,2.0,450000000.0,1.9776647441e-18,19.8,32.1,7.99
6.0,9.245800000000001,22.473699999999997,,2.0,500000000.0,1.359479466e-09,17.3,30.4,1.96
6.0,10.773599999999998,27.745700000000003,,2.0,550000000.0,5.332725539999999e-13,15.1,28.9,0.51
6.0,12.2292,34.0936,,2.0,600000000.0,6.841641041e-13,13.2,27.5,0.32
6.0,13.5442,42.3638,,2.0,650000000.0,1.0471178329999999e-09,11.4,26.5,2.25
6.0,14.470999999999998,56.119099999999996,,2.0,700000000.0,2.402640836e-11,9.4,25.8,0.39
6.0,13.5527,32.6055,,1.2,750000000.0,1.056079012,13.8,26.5,2.32
6.0,14.2645,32.4734,,1.2,800000000.0,1.2092277985999995,13.8,25.9,2.16
6.0,14.8275,32.376599999999996,,1.2,850000000.0,1.3483412276,13.8,25.4,2.02
6.0,15.3818,32.0456,,1.2,900000000.0,1.4740375509,13.9,25.0,1.92
6.0,15.7894,31.7992,,1.2,950000000.0,1.5872050664,14.0,24.7,1.83
6.0,16.270699999999998,31.470399999999998,,1.2,1000000000.0,1.6890170400000002,14.1,24.3,1.77
7.0,2.5003,4.805899999999999,,1.2,200000000.0,1.9591855289,38.1,28.0,0.19
7.0,2.5000999999999998,4.8058,,1.2,250000000.0,0.1213041544999999,35.4,28.9,0.33
7.0,2.7108,6.711,,2.0,300000000.0,5.788481877e-19,31.8,29.5,5.47
7.0,4.19,10.033,,2.0,350000000.0,1.3632911268100003e-09,27.1,30.0,4.93
7.0,5.7093,13.688099999999999,,2.0,400000000.0,2.3804366009000003e-08,23.4,30.3,3.16
7.0,7.2447,17.7439,,2.0,450000000.0,9.582251929999998e-09,20.3,30.6,0.07
7.0,8.7719,22.3204,,2.0,500000000.0,1.0882268100000001e-13,17.7,29.3,0.52
7.0,10.2662,27.6121,,2.0,550000000.0,9.672364381000002e-13,15.5,27.9,0.56
7.0,11.6905,33.9889,,2.0,600000000.0,1.1189749140000003e-09,13.5,26.7,2.07
7.0,12.975,42.3113,,2.0,650000000.0,2.8006677469000013e-20,11.7,25.7,2.07
7.0,13.861600000000001,56.2871,,2.0,700000000.0,8.55934789e-12,9.6,25.1,0.35
7.0,13.5358,32.0786,,1.2,750000000.0,1.0315719976,14.0,25.3,2.4
7.0,14.300799999999999,31.8248,,1.2,800000000.0,1.1836412641000005,14.0,24.8,2.22
7.0,14.8529,31.6745,,1.2,850000000.0,1.3224064976,14.0,24.4,2.06
7.0,15.6369,31.2031,,1.2,900000000.0,1.4483109064000002,14.0,23.9,1.98
7.0,15.8005,31.2674,,1.2,950000000.0,1.5620174209,14.1,23.7,1.85
7.0,16.307100000000002,30.8594,,1.2,1000000000.0,1.6645537424,14.2,23.4,1.78
2.0,2.5000999999999998,4.8058,,1.2,200000000.0,0.3745831832999999,30.4,55.4,0.49
2.0,2.6245999999999996,6.756900000000001,,1.2,250000000.0,3.8125505049999997e-11,29.0,55.0,0.19
2.0,4.6887,7.5185,,2.0,300000000.0,6.427146412999999e-19,26.5,49.0,4.56
2.0,6.4282,10.8017,,2.0,350000000.0,1.1183127219999994e-09,22.9,44.8,2.73
2.0,8.17,14.4054,,2.0,400000000.0,3.4454623843999994e-10,19.9,41.2,0.17
2.0,9.8974,18.404700000000002,,2.0,450000000.0,5.340512402e-09,17.4,38.2,2.75
2.0,11.593800000000002,22.9115,,2.0,500000000.0,4.3476301940000015e-09,15.3,35.6,2.74
2.0,13.238599999999998,28.1201,,2.0,550000000.0,1.915323796e-15,13.5,33.4,0.4
2.0,14.8004,34.3799,,2.0,600000000.0,3.196005235999999e-13,11.9,31.5,0.41
2.0,16.2169,42.4926,,2.0,650000000.0,1.654163901e-21,10.3,30.0,0.34
2.0,17.270799999999998,55.6136,,2.0,700000000.0,1.159418657e-16,8.6,28.9,0.94
2.0,13.6748,34.7044,,1.2,750000000.0,1.1701285713,13.1,32.1,2.0
2.0,14.1373,34.4786,,1.2,800000000.0,1.3257639169000002,13.3,31.4,1.89
2.0,14.418,34.2517,,1.2,850000000.0,1.4647047689,13.5,30.9,1.79
2.0,14.732000000000001,34.143,,1.2,900000000.0,1.5882272801000006,13.6,30.4,1.72
2.0,14.8925,34.1184,,1.2,950000000.0,1.6980485209,13.7,30.1,1.65
2.0,15.3115,33.9268,,1.2,1000000000.0,1.7956103944,13.8,29.6,1.62
1.0,2.5000999999999998,4.8058,,1.2,200000000.0,0.2122671708999999,29.2,63.1,0.72
1.0,3.1664,6.8422,,1.2,250000000.0,4.0756699720900004e-15,27.5,59.5,8.53
1.0,5.2808,7.6123,,2.0,300000000.0,1.9320444949e-12,25.2,52.5,0.25
1.0,7.0649,10.888399999999999,,2.0,350000000.0,1.85892460325e-09,21.8,47.5,7.08
1.0,8.8426,14.4848,,2.0,400000000.0,2.143280705e-15,19.1,43.5,0.35
1.0,10.6,18.4754,,2.0,450000000.0,1.920401837e-13,16.7,40.0,0.29
1.0,12.3217,22.974,,2.0,500000000.0,4.734315764e-09,14.8,37.2,2.81
1.0,13.988599999999998,28.1723,,2.0,550000000.0,2.3737378600000005e-25,13.1,34.8,3.15
1.0,15.569700000000001,34.418,,2.0,600000000.0,1.732534024e-09,11.5,32.7,2.52
1.0,17.0041,42.5052,,2.0,650000000.0,4.626176788000001e-15,10.0,31.1,2.47
1.0,18.0794,55.5292,,2.0,700000000.0,9.20186122e-20,8.4,29.9,1.66
1.0,13.7528,35.0482,,1.2,750000000.0,1.203354752,13.0,33.8,1.93
1.0,14.2607,34.6817,,1.2,800000000.0,1.3592163600999998,13.2,32.9,1.85
1.0,14.511099999999999,34.625,,1.2,850000000.0,1.4975011229,13.3,32.4,1.76
1.0,14.6194,34.7556,,1.2,900000000.0,1.6200174341000002,13.5,32.0,1.67
1.0,14.9044,34.4563,,1.2,950000000.0,1.7285735396000002,13.7,31.6,1.62
1.0,15.464,34.1592,,1.2,1000000000.0,1.8250623376,13.7,30.8,1.61
3.0,2.5000999999999998,4.8058,,1.2,200000000.0,0.5938484980000001,31.7,46.5,0.37
3.0,2.5000999999999998,6.3036,,1.2,250000000.0,0.004405467805,30.4,47.7,0.58
3.0,4.1768,7.399500000000001,,2.0,300000000.0,3.6087020136e-14,27.8,46.0,0.19
3.0,5.8674,10.6903,,2.0,350000000.0,7.5390724049e-14,23.8,42.4,0.05
3.0,7.5684000000000005,14.303199999999999,,2.0,400000000.0,1.5872979170000002e-15,20.7,39.2,1.95
3.0,9.2617,18.311500000000002,,2.0,450000000.0,3.7669017639999993e-25,18.1,36.5,0.83
3.0,10.9287,22.83,,2.0,500000000.0,2.5099409960000003e-09,15.9,34.1,2.42
3.0,12.5479,28.051599999999997,,2.0,550000000.0,1.304974336e-13,14.0,32.1,0.49
3.0,14.087,34.3284,,2.0,600000000.0,4.45800394e-20,12.2,30.4,1.3
3.0,15.4817,42.4731,,2.0,650000000.0,8.284896984999999e-11,10.6,29.0,2.0
3.0,16.5098,55.7148,,2.0,700000000.0,4.659652996e-13,8.9,28.1,0.95
3.0,13.5986,34.168800000000005,,1.2,750000000.0,1.1389210384000004,13.3,30.5,2.07
3.0,14.273699999999998,33.7819,,1.2,800000000.0,1.2942941636,13.4,29.7,1.97
3.0,14.6627,33.662600000000005,,1.2,850000000.0,1.4335183124,13.5,29.2,1.87
3.0,14.8856,33.6958,,1.2,900000000.0,1.5578432941,13.6,28.9,1.77
3.0,15.069600000000001,33.787800000000004,,1.2,950000000.0,1.6686889636000002,13.8,28.6,1.69
3.0,15.3525,33.4654,,1.2,1000000000.0,1.7674993876,13.9,28.2,1.64
4.0,2.5000999999999998,4.8058,,1.2,200000000.0,0.8659131053000001,33.1,39.8,0.3
4.0,2.5000999999999998,5.6589,,1.2,250000000.0,0.0211141514,31.9,40.9,0.68
4.0,3.7325,7.2572,,2.0,300000000.0,1.065543898e-27,28.9,41.7,0.85
4.0,5.3712,10.556199999999999,,2.0,350000000.0,5.493314205121e-14,24.8,40.1,0.04
4.0,7.0288,14.1789,,2.0,400000000.0,1.69202041e-21,21.4,37.4,1.36
4.0,8.684800000000001,18.1983,,2.0,450000000.0,6.000331219999999e-15,18.7,34.9,1.46
4.0,10.3195,22.729400000000002,,2.0,500000000.0,2.165988416e-09,16.4,32.8,2.19
4.0,11.9102,27.9661,,2.0,550000000.0,4.7210062499999996e-17,14.4,31.0,0.66
4.0,13.4233,34.2644,,2.0,600000000.0,1.439385314e-19,12.6,29.4,0.47
4.0,14.7939,42.4463,,2.0,650000000.0,2.1994390261000008e-12,10.9,28.1,2.33
4.0,15.7917,55.835,,2.0,700000000.0,4.39310794e-24,9.1,27.3,0.56
4.0,13.5674,33.649499999999996,,1.2,750000000.0,1.1096082325,13.5,29.1,2.15
4.0,14.170399999999999,33.4346,,1.2,800000000.0,1.26434673,13.6,28.4,2.02
4.0,14.624400000000001,33.2607,,1.2,850000000.0,1.4037695761,13.6,27.9,1.9
4.0,14.9437,33.1348,,1.2,900000000.0,1.5287169389,13.8,27.6,1.8
4.0,15.325999999999999,32.8696,,1.2,950000000.0,1.6405008424999998,13.9,27.1,1.74
4.0,15.6686,32.9104,,1.2,1000000000.0,1.7403827283999995,13.9,26.8,1.69
12.0,2.5002,4.805899999999999,,1.2,200000000.0,4.479170890399999,26.5,18.8,0.13
12.0,2.5000999999999998,4.8058,,1.2,250000000.0,0.5316652450000001,26.0,19.5,0.04
12.0,2.5000999999999998,6.1989,,1.2,300000000.0,0.0534019538,25.4,19.9,1.35
12.0,2.932,8.8575,,2.0,350000000.0,2.939675818960001e-15,25.0,20.2,5.46
12.0,4.2233,12.553099999999999,,2.0,400000000.0,4.927719606249999e-13,24.6,20.5,0.1
12.0,5.551,16.6736,,2.0,450000000.0,7.185397762000002e-09,22.4,20.7,2.09
12.0,6.888999999999999,21.331599999999998,,2.0,500000000.0,7.909684193599999e-20,19.5,20.9,0.34
12.0,8.2074,26.7346,,2.0,550000000.0,3.1274215524e-10,17.0,21.0,1.65
12.0,9.465,33.2752,,2.0,600000000.0,8.56080985e-10,14.7,21.1,1.67
12.0,10.581700000000001,41.9108,,2.0,650000000.0,4.997003196999999e-13,12.6,21.2,0.44
12.0,11.2163,57.485600000000005,,2.0,700000000.0,1.8984538861000008e-22,10.2,21.3,2.2
12.0,13.8976,29.011599999999998,,1.2,750000000.0,0.9268138081,14.9,20.6,2.96
12.0,15.0626,28.6428,,1.2,800000000.0,1.0716311376,14.7,20.1,2.67
12.0,16.013099999999998,28.4279,,1.2,850000000.0,1.2067516576,14.6,19.6,2.44
12.0,17.0799,27.965100000000003,,1.2,900000000.0,1.3318492564,14.5,19.2,2.3
12.0,17.5858,27.7995,,1.2,950000000.0,1.4466537828999997,14.5,19.0,2.12
12.0,18.151500000000002,27.7943,,1.2,1000000000.0,1.5516463936000002,14.4,18.8,2.01
10.0,2.5003,4.805899999999999,,1.2,200000000.0,3.3880289764,30.7,21.6,0.15
10.0,2.5000999999999998,4.8058,,1.2,250000000.0,0.3352261376289999,29.8,22.4,0.1
10.0,2.5000999999999998,7.641900000000001,,1.2,300000000.0,0.0343907184999999,29.1,22.9,1.13
10.0,3.3516000000000004,9.3635,,2.0,350000000.0,7.259964785103999e-22,28.5,23.2,27.11
10.0,4.7324,13.0449,,2.0,400000000.0,8.0951136196e-22,25.0,23.5,6.7
10.0,6.1422,17.1398,,2.0,450000000.0,1.2886428465e-08,21.6,23.7,1.09
10.0,7.5562000000000005,21.767,,2.0,500000000.0,1.6371489121e-26,18.8,23.9,0.17
10.0,8.946,27.1236,,2.0,550000000.0,2.18097601e-14,16.4,24.1,2.26
10.0,10.271700000000001,33.5952,,2.0,600000000.0,1.216798056e-09,14.3,24.2,2.25
10.0,11.4581,42.095200000000006,,2.0,650000000.0,5.330042522000001e-25,12.3,23.6,0.94
10.0,12.204,56.9145,,2.0,700000000.0,2.0454126819999998e-11,10.0,23.2,0.33
10.0,13.6765,30.317600000000002,,1.2,750000000.0,0.9656550829,14.5,22.3,2.71
10.0,14.638599999999999,30.028000000000002,,1.2,800000000.0,1.1137069985,14.4,21.8,2.46
10.0,15.5449,29.5935,,1.2,850000000.0,1.2506153576,14.4,21.3,2.28
10.0,16.2793,29.2813,,1.2,900000000.0,1.3763094725,14.3,21.0,2.14
10.0,17.0792,29.0207,,1.2,950000000.0,1.4910057341000005,14.3,20.6,2.04
10.0,17.292,29.1083,,1.2,1000000000.0,1.5951426481,14.3,20.5,1.91
9.0,2.5003,4.805899999999999,,1.2,200000000.0,2.8808283825,33.2,23.5,0.16
9.0,2.5000999999999998,4.8058,,1.2,250000000.0,0.252112216801,32.1,24.3,0.15
9.0,2.5000999999999998,8.4448,,1.2,300000000.0,0.0234254996999999,30.8,24.8,1.0
9.0,3.6001999999999996,9.5998,,2.0,350000000.0,4.0361954404e-16,28.4,25.2,2.03
9.0,5.0267,13.2731,,2.0,400000000.0,4.8319114916e-12,24.5,25.5,0.2
9.0,6.4782,17.3563,,2.0,450000000.0,1.5520048180999998e-16,21.2,25.7,0.76
9.0,7.9303,21.9654,,2.0,500000000.0,5.889257690000001e-10,18.5,25.9,1.74
9.0,9.3551,27.300300000000004,,2.0,550000000.0,4.55353369e-24,16.1,26.1,1.45
9.0,10.7146,33.7385,,2.0,600000000.0,1.0787266010000004e-09,14.0,25.1,1.58
9.0,11.9346,42.1758,,2.0,650000000.0,1.2828623776e-20,12.1,24.3,2.13
9.0,12.730899999999998,56.68,,2.0,700000000.0,1.7626384729e-26,9.9,23.8,0.6
9.0,13.6181,30.926599999999997,,1.2,750000000.0,0.9864854609,14.3,23.3,2.6
9.0,14.5205,30.7088,,1.2,800000000.0,1.1359966066,14.2,22.7,2.39
9.0,15.2865,30.2169,,1.2,850000000.0,1.2736589923999997,14.3,22.3,2.2
9.0,16.023,30.042199999999998,,1.2,900000000.0,1.399512538400001,14.2,21.9,2.08
9.0,16.4751,30.164699999999996,,1.2,950000000.0,1.5139035200000002,14.2,21.7,1.97
9.0,17.0598,29.7894,,1.2,1000000000.0,1.6176215849,14.2,21.4,1.89
11.0,2.5003,4.805899999999999,,1.2,200000000.0,3.9220408084,28.5,20.1,0.14
11.0,2.5000999999999998,4.8058,,1.2,250000000.0,0.428770755281,27.8,20.8,0.07
11.0,2.5000999999999998,6.903,,1.2,300000000.0,0.0446359994,27.1,21.3,1.24
11.0,3.1298000000000004,9.115499999999999,,2.0,350000000.0,4.385497232225e-16,26.6,21.6,43.32
11.0,4.4656,12.8045,,2.0,400000000.0,1.172967362225e-18,25.4,21.9,11.56
11.0,5.834199999999999,16.9139,,2.0,450000000.0,1.7439254729e-08,22.0,22.1,1.56
11.0,7.2099,21.5552,,2.0,500000000.0,2.5721846769999997e-23,19.2,22.3,0.32
11.0,8.5641,26.935100000000002,,2.0,550000000.0,9.92950994e-10,16.7,22.4,1.65
11.0,9.8558,33.4403,,2.0,600000000.0,4.3738233796000006e-10,14.5,22.5,2.53
11.0,11.0079,42.006800000000005,,2.0,650000000.0,2.2994095669e-12,12.5,22.6,0.09
11.0,11.700099999999999,57.1796,,2.0,700000000.0,1.38570684544e-11,10.1,22.7,25.29
11.0,13.765999999999998,29.7269,,1.2,750000000.0,0.9457942724,14.7,21.4,2.83
11.0,14.874400000000001,29.276,,1.2,800000000.0,1.0922786245,14.6,20.9,2.57
11.0,15.7697,28.852199999999996,,1.2,850000000.0,1.2283744100000002,14.5,20.5,2.35
11.0,16.465,28.770300000000002,,1.2,900000000.0,1.3537446984000003,14.4,20.2,2.18
11.0,17.3463,28.3841,,1.2,950000000.0,1.4685489629,14.4,19.8,2.08
11.0,17.924300000000002,28.430100000000003,,1.2,1000000000.0,1.5732017384,14.3,19.5,1.99
22.0,38.2639,29.5902,,1.2,200000000.0,222.66280336000003,0.0,0.0,0.0
22.0,38.2639,29.5898,,1.2,250000000.0,86.20311074,0.0,0.0,0.0
22.0,38.2639,29.5898,,1.2,300000000.0,38.2897487425,0.0,0.0,0.0
22.0,2.5002,7.4275,,1.2,350000000.0,0.045283925024,15.1,12.2,2.51
22.0,2.7904,9.6436,,2.0,400000000.0,1.83632080641616e-14,15.0,12.4,0.01
22.0,3.7327,13.8532,,2.0,450000000.0,9.17746961864e-15,14.9,12.5,58.26
22.0,4.7068,18.6596,,2.0,500000000.0,2.3216227240000003e-11,14.8,12.6,0.23
22.0,5.6747000000000005,24.2967,,2.0,550000000.0,2.596005161410001e-09,14.7,12.7,0.15
22.0,6.584199999999999,31.2375,,2.0,600000000.0,5.2560864810000005e-11,14.6,12.8,0.54
22.0,7.3237,40.769,,2.0,650000000.0,1.4653877881e-10,13.6,12.8,0.38
22.0,15.2767,20.8215,,1.2,700000000.0,0.6346342217,14.4,12.9,7.58
22.0,18.387,19.7715,,1.2,750000000.0,0.7571193236,14.4,12.9,5.88
22.0,21.046100000000003,19.1219,,1.2,800000000.0,0.8800124885000001,14.3,12.9,4.54
22.0,23.224,18.9193,,1.2,850000000.0,1.002065193,14.3,12.4,3.7
22.0,25.0123,18.6596,,1.2,900000000.0,1.1214226681,14.2,12.1,3.11
22.0,25.9364,18.6777,,1.2,950000000.0,1.2363169863999997,14.2,12.0,2.67
22.0,26.331500000000002,19.3895,,1.2,1000000000.0,1.3452168780999998,14.2,12.0,2.41
23.0,2.5003,4.805899999999999,,1.2,200000000.0,11.2690226609,0.0,0.0,0.0
23.0,2.5002,4.8058,,1.2,250000000.0,2.014086492100001,14.7,11.3,0.1
23.0,2.5000999999999998,4.8058,,1.2,300000000.0,0.210768335125,14.6,11.6,0.17
23.0,2.5000999999999998,6.9978,,1.2,350000000.0,0.044962980049,14.5,11.8,2.68
23.0,2.7218,9.3254,,2.0,400000000.0,8.931698119999999e-14,14.4,11.9,0.83
23.0,3.6262,13.5458,,2.0,450000000.0,7.0754112356e-14,14.3,12.0,19.3
23.0,4.565,18.3672,,2.0,500000000.0,2.10764859461e-11,14.2,12.1,0.14
23.0,5.4988,24.0286,,2.0,550000000.0,9.061941250000005e-20,14.1,12.2,0.43
23.0,6.3735,31.014400000000002,,2.0,600000000.0,2.510978852e-11,14.0,12.3,0.52
23.0,7.0725,40.661100000000005,,2.0,650000000.0,9.15273281e-15,13.7,12.4,2.98
23.0,16.0873,19.4798,,1.2,700000000.0,0.6199231525159999,13.9,12.4,8.95
23.0,19.5401,18.3546,,1.2,750000000.0,0.7382572145,13.8,12.4,6.52
23.0,22.930100000000003,17.4852,,1.2,800000000.0,0.8582062354,13.8,12.0,4.98
23.0,25.203899999999997,17.3616,,1.2,850000000.0,0.9789741554,13.7,11.6,3.86
23.0,26.6135,17.5052,,1.2,900000000.0,1.0984702609,13.7,11.4,3.15
23.0,27.3505,18.0939,,1.2,950000000.0,1.2141278404000002,13.7,11.4,2.72
23.0,28.477899999999998,17.7938,,1.2,1000000000.0,1.3242346,13.6,11.3,2.41
21.0,38.8555,29.9991,,1.2,200000000.0,217.63125584,0.0,0.0,0.0
21.0,38.8555,29.9989,,1.2,250000000.0,84.52806601000005,0.0,0.0,0.0
21.0,38.8555,29.9991,,1.2,300000000.0,37.7270588776,0.0,0.0,0.0
21.0,2.5000999999999998,7.8946000000000005,,1.2,350000000.0,0.044963767341,15.7,12.7,2.35
21.0,2.8701999999999996,9.957699999999999,,2.0,400000000.0,1.1030315110399998e-19,15.6,12.9,12.38
21.0,3.8501,14.1578,,2.0,450000000.0,1.1636999716000002e-24,15.5,13.0,0.14
21.0,4.8593,18.9501,,2.0,500000000.0,2.208284368000001e-23,15.4,13.1,0.66
21.0,5.8618,24.5631,,2.0,550000000.0,3.14190545e-12,15.3,13.2,0.92
21.0,6.8062000000000005,31.459600000000002,,2.0,600000000.0,2.1352245876e-20,15.2,13.3,1.26
21.0,7.5851,40.883,,2.0,650000000.0,3.701609509e-27,13.6,13.3,1.83
21.0,14.644400000000001,21.9789,,1.2,700000000.0,0.6485774920000001,15.0,13.4,6.58
21.0,17.2528,21.124699999999997,,1.2,750000000.0,0.7748234024,15.0,13.5,5.12
21.0,19.7424,20.4653,,1.2,800000000.0,0.9004441637,14.9,13.5,4.2
21.0,21.7085,20.2727,,1.2,850000000.0,1.0239532756,14.9,13.2,3.52
21.0,23.1648,20.1024,,1.2,900000000.0,1.1436175796,14.8,12.9,3.0
21.0,24.428,20.054000000000002,,1.2,950000000.0,1.2580762276000004,14.8,12.7,2.66
21.0,25.305500000000002,20.0164,,1.2,1000000000.0,1.3661247709,14.7,12.6,2.39
24.0,2.5002,4.8058,,1.2,200000000.0,11.8755772109,0.0,0.0,0.0
24.0,2.5004,4.806,,1.2,250000000.0,2.1592692496,14.1,10.8,0.11
24.0,2.5000999999999998,4.8058,,1.2,300000000.0,0.236747973061,14.0,11.1,0.13
24.0,2.5003,6.5931,,1.2,350000000.0,0.0440924663209999,13.9,11.3,2.91
24.0,2.6639999999999997,9.0032,,2.0,400000000.0,6.652912486400002e-14,13.8,11.5,0.05
24.0,3.5302999999999995,13.2354,,2.0,450000000.0,5.829588682e-15,13.8,11.6,0.31
24.0,4.434,18.072,,2.0,500000000.0,8.923215722499999e-14,13.7,11.7,13.49
24.0,5.333600000000001,23.758499999999998,,2.0,550000000.0,7.182482698e-11,13.6,11.8,1.27
24.0,6.1731,30.7913,,2.0,600000000.0,4.01588458e-11,13.5,11.8,0.5
24.0,6.8311,40.5588,,2.0,650000000.0,1.0597429524999998e-14,13.4,11.9,2.9
24.0,17.4257,17.6321,,1.2,700000000.0,0.6039336985040001,13.4,11.9,11.67
24.0,42.1674,7.763,,1.2,750000000.0,0.7182205985000001,13.3,8.0,6.85
24.0,26.272800000000004,15.101600000000001,,1.2,800000000.0,0.8339938825,13.3,10.9,5.52
24.0,27.971500000000002,15.5745,,1.2,850000000.0,0.954181757,13.2,10.7,3.96
24.0,28.5323,16.2741,,1.2,900000000.0,1.074569509,13.2,10.8,3.14
24.0,29.573600000000003,16.5407,,1.2,950000000.0,1.1916636229,13.2,10.7,2.68
24.0,29.643800000000002,17.199,,1.2,1000000000.0,1.3032034949,13.1,10.8,2.38
32.0,47.8547,59.994099999999996,,1.2,200000000.0,1000000000.0,0.0,0.0,0.0
32.0,47.8547,59.994099999999996,,1.2,250000000.0,1000000000.0,0.0,0.0,0.0
32.0,2.5000999999999998,4.8058,,1.2,300000000.0,0.4561331879250002,10.7,8.6,0.06
32.0,2.5000999999999998,4.8058,,1.2,350000000.0,0.027898060489,10.6,8.7,2.62
32.0,2.6035000000000004,6.1736,,2.0,400000000.0,1.825078736e-19,10.6,8.9,0.28
32.0,3.102,10.6439,,2.0,450000000.0,1.8764693e-18,10.6,8.9,0.43
32.0,3.7051999999999996,15.665799999999999,,2.0,500000000.0,2.8227532436e-12,10.5,9.0,3.07
32.0,4.3239,21.5981,,2.0,550000000.0,1.3115518069e-12,10.5,9.1,4.14
32.0,4.8751999999999995,29.083000000000002,,2.0,600000000.0,2.5822822356e-12,10.4,9.1,0.4
32.0,5.1721,40.1508,,2.0,650000000.0,2.48428048621e-13,10.4,9.2,6.68
32.0,43.953,59.994099999999996,,1.2,700000000.0,1000000000.0,0.0,0.0,0.0
32.0,40.4597,59.994099999999996,,1.2,750000000.0,1000000000.0,0.0,0.0,0.0
32.0,38.4937,59.994099999999996,,1.2,800000000.0,1000000000.0,0.0,0.0,0.0
32.0,37.5918,59.994099999999996,,1.2,850000000.0,1000000000.0,0.0,0.0,0.0
32.0,37.0088,59.994099999999996,,1.2,900000000.0,1000000000.0,0.0,0.0,0.0
32.0,36.598,59.994099999999996,,1.2,950000000.0,1000000000.0,0.0,0.0,0.0
32.0,36.460300000000004,59.994099999999996,,1.2,1000000000.0,1000000000.0,0.0,0.0,0.0
29.0,50.8545,59.994099999999996,,1.2,200000000.0,1000000000.0,0.0,0.0,0.0
29.0,2.5003,4.805899999999999,,1.2,250000000.0,2.8494881721000005,11.8,9.1,0.13
29.0,2.5000999999999998,4.8057,,1.2,300000000.0,0.3748867037016401,11.7,9.4,0.01
29.0,2.5000999999999998,5.1057999999999995,,1.2,350000000.0,0.034443004104,11.7,9.5,4.04
29.0,2.5384,7.3047,,2.0,400000000.0,3.7596123849999993e-19,11.6,9.7,0.78
29.0,3.1962,11.640699999999999,,2.0,450000000.0,2.9344679156000004e-18,11.6,9.8,4.62
29.0,3.9183999999999997,16.5748,,2.0,500000000.0,1.3291105636e-12,11.5,9.9,4.7
29.0,4.645,22.4019,,2.0,550000000.0,4.631692993e-15,11.5,9.9,1.64
29.0,5.307,29.6973,,2.0,600000000.0,2.279396285e-21,11.4,10.0,3.36
29.0,5.7485,40.190599999999996,,2.0,650000000.0,1.5332298265599997e-11,11.4,10.0,0.13
29.0,46.760600000000004,59.994099999999996,,1.2,700000000.0,1000000000.0,0.0,0.0,0.0
29.0,41.930699999999995,59.994099999999996,,1.2,750000000.0,1000000000.0,0.0,0.0,0.0
29.0,39.0488,59.994099999999996,,1.2,800000000.0,1000000000.0,0.0,0.0,0.0
29.0,38.129,59.994099999999996,,1.2,850000000.0,1000000000.0,0.0,0.0,0.0
29.0,37.5389,59.994099999999996,,1.2,900000000.0,1000000000.0,0.0,0.0,0.0
29.0,37.2799,59.994099999999996,,1.2,950000000.0,1000000000.0,0.0,0.0,0.0
29.0,37.0877,59.994099999999996,,1.2,1000000000.0,1000000000.0,0.0,0.0,0.0
30.0,49.855,59.994099999999996,,1.2,200000000.0,1000000000.0,0.0,0.0,0.0
30.0,2.5004,4.806,,1.2,250000000.0,2.9769902425000003,11.4,8.9,0.14
30.0,2.5000999999999998,4.8058,,1.2,300000000.0,0.402587282596,11.3,9.1,0.03
30.0,2.5007,4.8844,,1.2,350000000.0,0.0320251172209999,11.3,9.3,4.31
30.0,2.5463,6.9417,,2.0,400000000.0,7.447689637e-19,11.3,9.4,3.38
30.0,3.1557,11.3133,,2.0,450000000.0,9.431407345e-27,11.2,9.5,0.23
30.0,3.8394999999999997,16.2731,,2.0,500000000.0,1.5056778724999998e-12,11.2,9.6,4.4
30.0,4.5309,22.133200000000002,,2.0,550000000.0,4.0660764248900004e-23,11.1,9.6,0.04
30.0,5.1564,29.488000000000003,,2.0,600000000.0,1.6599046841000006e-10,11.1,9.7,0.46
30.0,5.5511,40.158699999999996,,2.0,650000000.0,2.3014692244e-10,11.0,9.7,0.22
30.0,45.8876,59.994099999999996,,1.2,700000000.0,1000000000.0,0.0,0.0,0.0
30.0,41.5397,59.994099999999996,,1.2,750000000.0,1000000000.0,0.0,0.0,0.0
30.0,39.079899999999995,59.994099999999996,,1.2,800000000.0,1000000000.0,0.0,0.0,0.0
30.0,37.9369,59.994099999999996,,1.2,850000000.0,1000000000.0,0.0,0.0,0.0
30.0,37.4671,59.994099999999996,,1.2,900000000.0,1000000000.0,0.0,0.0,0.0
30.0,37.1298,59.994099999999996,,1.2,950000000.0,1000000000.0,0.0,0.0,0.0
30.0,36.8698,59.994099999999996,,1.2,1000000000.0,1000000000.0,0.0,0.0,0.0
31.0,48.851800000000004,59.994099999999996,,1.2,200000000.0,1000000000.0,0.0,0.0,0.0
31.0,2.5002,4.8058,,1.2,250000000.0,3.0988682609,11.0,8.6,0.14
31.0,2.5000999999999998,4.8058,,1.2,300000000.0,0.429721974901,11.0,8.8,0.04
31.0,2.5003,4.805899999999999,,1.2,350000000.0,0.029683130089,11.0,9.0,3.52
31.0,2.5677,6.5653999999999995,,2.0,400000000.0,1.028627602e-27,10.9,9.1,2.35
31.0,3.1243,10.9811,,2.0,450000000.0,9.577485696999999e-27,10.9,9.2,0.42
31.0,3.7687,15.97,,2.0,500000000.0,3.7267204e-12,10.8,9.3,0.73
31.0,4.4241,21.8649,,2.0,550000000.0,4.1341816656000003e-14,10.8,9.4,8.78
31.0,5.0127999999999995,29.282899999999998,,2.0,600000000.0,2.4626635844e-10,10.8,9.4,0.64
31.0,5.359400000000001,40.1445,,2.0,650000000.0,4.717422596e-11,10.7,9.5,0.22
31.0,44.862899999999996,59.994099999999996,,1.2,700000000.0,1000000000.0,0.0,0.0,0.0
31.0,40.9938,59.994099999999996,,1.2,750000000.0,1000000000.0,0.0,0.0,0.0
31.0,38.8129,59.994099999999996,,1.2,800000000.0,1000000000.0,0.0,0.0,0.0
31.0,37.830799999999996,59.994099999999996,,1.2,850000000.0,1000000000.0,0.0,0.0,0.0
31.0,37.217800000000004,59.994099999999996,,1.2,900000000.0,1000000000.0,0.0,0.0,0.0
31.0,36.861999999999995,59.994099999999996,,1.2,950000000.0,1000000000.0,0.0,0.0,0.0
31.0,36.7002,59.994099999999996,,1.2,1000000000.0,1000000000.0,0.0,0.0,0.0
18.0,40.6286,31.2253,,1.2,200000000.0,199.48372456,0.0,0.0,0.0
18.0,40.6289,31.224899999999998,,1.2,250000000.0,78.44803321999999,0.0,0.0,0.0
18.0,2.5000999999999998,4.8058,,1.2,300000000.0,0.1039557929,18.2,14.2,0.54
18.0,38.5467,33.308,,1.2,350000000.0,18.3370731925,0.0,0.0,0.0
18.0,3.1837999999999997,10.8735,,2.0,400000000.0,4.14968416021e-15,17.8,14.7,0.14
18.0,4.2767,15.0483,,2.0,450000000.0,1.3116058281e-12,17.6,14.8,0.11
18.0,5.3926,19.7988,,2.0,500000000.0,4.01127362e-26,17.5,15.0,0.64
18.0,6.4989,25.3412,,2.0,550000000.0,1.852576808e-11,17.4,15.1,0.65
18.0,7.547999999999999,32.1111,,2.0,600000000.0,6.5726114476010016e-12,15.7,15.1,0.01
18.0,8.4433,41.2378,,2.0,650000000.0,4.8757358189e-12,13.4,15.2,0.43
18.0,8.6709,59.9995,,2.0,700000000.0,3.32819479525e-05,10.4,15.3,12.12
18.0,15.476199999999999,24.3849,,1.2,750000000.0,0.8245575365000002,16.2,15.3,4.12
18.0,17.3249,23.8175,,1.2,800000000.0,0.9574729385,15.8,15.4,3.52
18.0,18.8223,23.4656,,1.2,850000000.0,1.0853975177,15.6,15.2,3.06
18.0,20.4147,23.175300000000004,,1.2,900000000.0,1.2069815509,15.3,14.8,2.79
18.0,21.2885,22.9111,,1.2,950000000.0,1.3212441001000002,15.1,14.6,2.49
18.0,22.203899999999997,22.8666,,1.2,1000000000.0,1.4279444125000005,14.9,14.4,2.3
20.0,39.4475,30.4081,,1.2,200000000.0,212.07737396,0.0,0.0,0.0
20.0,39.4475,30.4081,,1.2,250000000.0,82.66830340000001,0.0,0.0,0.0
20.0,39.447399999999995,30.4082,,1.2,300000000.0,37.0925501489,0.0,0.0,0.0
20.0,2.5002,8.4254,,1.2,350000000.0,0.043914917456,16.4,13.3,2.16
20.0,2.9619999999999997,10.2673,,2.0,400000000.0,2.35969663669e-19,16.3,13.4,0.09
20.0,3.9794,14.458800000000002,,2.0,450000000.0,3.7293132500000005e-14,16.1,13.6,19.1
20.0,5.024,19.237000000000002,,2.0,500000000.0,1.711151041e-23,16.0,13.7,0.56
20.0,6.0608,24.8264,,2.0,550000000.0,1.5112311484100004e-13,15.9,13.8,0.21
20.0,7.040299999999999,31.6798,,2.0,600000000.0,4.091216018e-13,15.8,13.9,0.58
20.0,7.8585,40.998999999999995,,2.0,650000000.0,1.0953028180000002e-09,13.5,13.9,0.42
20.0,14.083499999999999,23.1516,,1.2,700000000.0,0.6620466256000002,15.6,14.0,5.81
20.0,16.528399999999998,22.3206,,1.2,750000000.0,0.7917558050000001,15.6,14.0,4.73
20.0,18.6754,21.775199999999998,,1.2,800000000.0,0.9199394833,15.5,14.1,3.92
20.0,20.5409,21.4683,,1.2,850000000.0,1.0449499133000002,15.5,13.9,3.36
20.0,22.054000000000002,21.1791,,1.2,900000000.0,1.1651522100999998,15.4,13.5,2.92
20.0,23.136,21.0795,,1.2,950000000.0,1.2794462449,15.4,13.3,2.59
20.0,24.0042,20.909200000000002,,1.2,1000000000.0,1.3868956195999995,15.2,13.2,2.35
19.0,40.0377,30.8172,,1.2,200000000.0,206.02538064,0.0,0.0,0.0
19.0,40.0382,30.816599999999998,,1.2,250000000.0,80.64115584999999,0.0,0.0,0.0
19.0,2.5000999999999998,4.8058,,1.2,300000000.0,0.1212438352,17.3,13.6,0.43
19.0,2.5000999999999998,8.9566,,1.2,350000000.0,0.042040344004,17.2,13.9,2.06
19.0,3.0664,10.5726,,2.0,400000000.0,6.0036065389e-14,17.0,14.0,0.02
19.0,4.1213,14.755899999999999,,2.0,450000000.0,6.4005224224e-20,16.9,14.2,9.71
19.0,5.2014,19.5202,,2.0,500000000.0,2.00041381e-11,16.7,14.3,0.46
19.0,6.2730999999999995,25.0858,,2.0,550000000.0,2.1140396276000002e-14,16.6,14.4,0.7
19.0,7.2872,31.897399999999998,,2.0,600000000.0,7.023346612e-13,15.8,14.5,0.55
19.0,8.1441,41.1183,,2.0,650000000.0,1.01244273104e-19,13.5,14.6,5.02
19.0,13.7529,24.066599999999998,,1.2,700000000.0,0.6752508365000001,16.3,14.6,5.35
19.0,15.968699999999998,23.3927,,1.2,750000000.0,0.8082671893000001,16.3,14.7,4.42
19.0,17.9496,22.8575,,1.2,800000000.0,0.9388751249,16.1,14.7,3.72
19.0,19.6657,22.449099999999998,,1.2,850000000.0,1.0653604256,15.8,14.5,3.21
19.0,21.0058,22.2057,,1.2,900000000.0,1.1861895929,15.5,14.2,2.82
19.0,22.359899999999996,22.090300000000003,,1.2,950000000.0,1.3005587401000005,15.2,13.9,2.58
19.0,22.918400000000002,21.9943,,1.2,1000000000.0,1.4074714216,15.1,13.9,2.32
17.0,41.216800000000006,31.6377,,1.2,200000000.0,192.49083269000005,0.0,0.0,0.0
17.0,2.5000999999999998,4.8058,,1.2,250000000.0,1.152381426689,19.3,14.6,0.06
17.0,2.5000999999999998,4.8058,,1.2,300000000.0,0.0893663552,19.1,15.0,0.69
17.0,2.5002,10.1952,,1.2,350000000.0,0.035710270516,18.9,15.2,1.82
17.0,3.3152999999999997,11.169400000000001,,2.0,400000000.0,3.63568339381e-19,18.7,15.4,22.47
17.0,4.446000000000001,15.336400000000001,,2.0,450000000.0,3.9721175650000006e-17,18.5,15.6,4.75
17.0,5.5983,20.0722,,2.0,500000000.0,6.7760655729999996e-21,18.3,15.7,1.94
17.0,6.7396,25.5914,,2.0,550000000.0,2.78953585e-11,18.0,15.8,0.79
17.0,7.8235,32.3214,,2.0,600000000.0,1.0976672309e-20,15.6,15.9,1.55
17.0,8.7567,41.357200000000006,,2.0,650000000.0,2.084338825000001e-11,13.3,16.0,0.41
17.0,9.0212,59.9982,,2.0,700000000.0,2.1423643796e-06,10.4,16.1,6.85
17.0,15.021500000000001,25.2704,,1.2,750000000.0,0.8408455848,15.9,16.1,3.82
17.0,16.7852,24.7794,,1.2,800000000.0,0.9759706049000004,15.6,16.2,3.35
17.0,18.1079,24.4162,,1.2,850000000.0,1.1052749288,15.4,15.9,2.92
17.0,19.455,24.0174,,1.2,900000000.0,1.2274484389,15.2,15.6,2.65
17.0,20.2191,23.920900000000003,,1.2,950000000.0,1.3419407129,15.0,15.4,2.39
17.0,20.984,23.838,,1.2,1000000000.0,1.4483293684,14.9,15.2,2.22
28.0,2.5003,4.805899999999999,,1.2,200000000.0,14.165832202400004,0.0,0.0,0.0
28.0,2.5004,4.806,,1.2,250000000.0,2.7181939009,12.2,9.5,0.13
28.0,2.5000999999999998,4.8058,,1.2,300000000.0,0.3470053500534401,12.1,9.7,0.02
28.0,2.5000999999999998,5.3471,,1.2,350000000.0,0.036800771125,12.1,9.9,3.8
28.0,2.5416,7.6587,,2.0,400000000.0,1.403585514e-12,12.0,10.0,0.97
28.0,3.2445999999999997,11.9658,,2.0,450000000.0,2.84031221189e-13,12.0,10.1,21.5
28.0,4.0044,16.8765,,2.0,500000000.0,2.4241608400000003e-24,11.9,10.2,1.16
28.0,4.7664,22.6723,,2.0,550000000.0,3.5710995961000006e-20,11.8,10.3,3.56
28.0,5.4643,29.9109,,2.0,600000000.0,1.25858848e-20,11.8,10.3,7.07
28.0,5.950900000000001,40.2391,,2.0,650000000.0,1.1062539325e-12,11.7,10.4,1.37
28.0,47.6083,59.994099999999996,,1.2,700000000.0,1000000000.0,0.0,0.0,0.0
28.0,42.0289,59.994099999999996,,1.2,750000000.0,1000000000.0,0.0,0.0,0.0
28.0,39.126,59.994099999999996,,1.2,800000000.0,1000000000.0,0.0,0.0,0.0
28.0,37.989200000000004,59.994099999999996,,1.2,850000000.0,1000000000.0,0.0,0.0,0.0
28.0,37.6361,59.994099999999996,,1.2,900000000.0,1000000000.0,0.0,0.0,0.0
28.0,37.3358,59.994099999999996,,1.2,950000000.0,1000000000.0,0.0,0.0,0.0
28.0,37.138000000000005,59.994099999999996,,1.2,1000000000.0,1000000000.0,0.0,0.0,0.0
26.0,2.5003,4.805899999999999,,1.2,200000000.0,13.0526259209,0.0,0.0,0.0
26.0,2.5003,4.805899999999999,,1.2,250000000.0,2.4440203496,13.1,10.1,0.12
26.0,2.5000999999999998,4.8058,,1.2,300000000.0,0.291125028025,13.0,10.4,0.07
26.0,38.4003,59.9988,,1.2,350000000.0,1000000000.0,0.0,0.0,0.0
26.0,2.5814,8.3431,,2.0,400000000.0,6.770685406160001e-27,12.9,10.7,10.09
26.0,3.3688,12.6061,,2.0,450000000.0,4.736690795600001e-18,12.8,10.8,12.45
26.0,4.2013,17.4767,,2.0,500000000.0,2.6985813901e-26,12.7,10.9,0.35
26.0,5.0325,23.2154,,2.0,550000000.0,4.278760395624999e-10,12.7,11.0,0.02
26.0,5.801699999999999,30.346700000000002,,2.0,600000000.0,2.9644855396000007e-22,12.6,11.0,0.24
26.0,6.375900000000001,40.3773,,2.0,650000000.0,1.1276514080000001e-13,12.5,11.1,3.45
26.0,49.169,59.994099999999996,,1.2,700000000.0,1000000000.0,0.0,0.0,0.0
26.0,41.1421,59.994099999999996,,1.2,750000000.0,1000000000.0,0.0,0.0,0.0
26.0,38.2606,59.994099999999996,,1.2,800000000.0,1000000000.0,0.0,0.0,0.0
26.0,33.958600000000004,12.9417,,1.2,850000000.0,0.8993941129999999,12.4,9.2,3.65
26.0,32.242399999999996,14.5342,,1.2,900000000.0,1.0252591898,12.3,9.6,2.96
26.0,31.8796,15.3329,,1.2,950000000.0,1.1468496100000003,12.3,9.8,2.53
26.0,31.9357,15.951600000000001,,1.2,1000000000.0,1.2622558499999998,12.3,9.9,2.26
25.0,2.5003,4.805899999999999,,1.2,200000000.0,12.4714749856,0.0,0.0,0.0
25.0,2.5003,4.805899999999999,,1.2,250000000.0,2.3025963221000008,13.6,10.5,0.11
25.0,2.5000999999999998,4.8058,,1.2,300000000.0,0.263614575181,13.5,10.7,0.1
25.0,2.5000999999999998,6.263,,1.2,350000000.0,0.0427310725,13.4,10.9,3.01
25.0,2.6176,8.6756,,2.0,400000000.0,1.3620784489000001e-14,13.3,11.1,0.34
25.0,3.445,12.921800000000001,,2.0,450000000.0,4.063078100000002e-13,13.3,11.2,0.93
25.0,4.3131,17.775,,2.0,500000000.0,2.187605869776e-12,13.2,11.3,0.07
25.0,5.1783,23.4875,,2.0,550000000.0,4.099751905e-11,13.1,11.4,0.83
25.0,5.9829,30.5686,,2.0,600000000.0,1.0414199617999998e-20,13.0,11.4,0.75
25.0,6.599500000000001,40.4633,,2.0,650000000.0,2.031552805e-11,13.0,11.5,0.38
25.0,49.79560000000001,59.994099999999996,,1.2,700000000.0,1000000000.0,0.0,0.0,0.0
25.0,41.995,59.994099999999996,,1.2,750000000.0,1000000000.0,0.0,0.0,0.0
25.0,34.4234,11.366900000000001,,1.2,800000000.0,0.8041699325000001,12.8,9.2,5.38
25.0,30.8648,14.086500000000001,,1.2,850000000.0,0.9273141842,12.8,9.9,3.89
25.0,31.3294,14.8685,,1.2,900000000.0,1.0500331396,12.7,10.0,3.08
25.0,30.7623,15.895999999999999,,1.2,950000000.0,1.1689691144,12.7,10.2,2.62
25.0,30.8656,16.5447,,1.2,1000000000.0,1.2823866749,12.7,10.3,2.33
27.0,2.5002,4.8058,,1.2,200000000.0,13.6177778164,0.0,0.0,0.0
27.0,2.5003,4.805899999999999,,1.2,250000000.0,2.5826329316,12.6,9.8,0.12
27.0,2.5000999999999998,4.8058,,1.2,300000000.0,0.319009216081,12.5,10.0,0.04
27.0,2.5004,5.6281,,1.2,350000000.0,0.039024158825,12.5,10.2,3.48
27.0,2.5559,8.0047,,2.0,400000000.0,3.807259168219601e-25,12.4,10.3,71.76
27.0,3.302,12.2877,,2.0,450000000.0,5.638102346e-13,12.4,10.4,0.24
27.0,4.0983,17.1774,,2.0,500000000.0,4.01923838536e-13,12.3,10.5,7.67
27.0,4.8952,22.9439,,2.0,550000000.0,1.4542196e-11,12.2,10.6,0.39
27.0,5.6286000000000005,30.128,,2.0,600000000.0,3.149330665e-11,12.2,10.7,0.45
27.0,6.159800000000001,40.3025,,2.0,650000000.0,9.965710996000002e-11,12.1,10.7,0.24
27.0,48.4784,59.994099999999996,,1.2,700000000.0,1000000000.0,0.0,0.0,0.0
27.0,42.031099999999995,59.994099999999996,,1.2,750000000.0,1000000000.0,0.0,0.0,0.0
27.0,38.745,59.994099999999996,,1.2,800000000.0,1000000000.0,0.0,0.0,0.0
27.0,37.9307,59.994099999999996,,1.2,850000000.0,1000000000.0,0.0,0.0,0.0
27.0,37.5277,59.994099999999996,,1.2,900000000.0,1000000000.0,0.0,0.0,0.0
27.0,37.3151,59.994099999999996,,1.2,950000000.0,1000000000.0,0.0,0.0,0.0
27.0,37.2697,59.994099999999996,,1.2,1000000000.0,1000000000.0,0.0,0.0,0.0
13.0,2.5003,4.805899999999999,,1.2,200000000.0,5.056122249999999,24.8,17.6,0.12
13.0,2.5000999999999998,4.8058,,1.2,250000000.0,0.6428993847584401,24.3,18.2,0.01
13.0,2.5000999999999998,5.541,,1.2,300000000.0,0.0602305873,23.9,18.6,1.47
13.0,2.7557,8.5909,,2.0,350000000.0,1.1295088824999998e-14,23.5,19.0,4.59
13.0,4.0035,12.292,,2.0,400000000.0,8.634548178099999e-20,23.1,19.2,5.19
13.0,5.291,16.422,,2.0,450000000.0,1.4337368019999998e-11,22.7,19.4,0.39
13.0,6.5911,21.097199999999997,,2.0,500000000.0,3.48159908916e-11,19.7,19.5,8.18
13.0,7.8737,26.5233,,2.0,550000000.0,6.333843482e-21,17.2,19.7,1.17
13.0,9.0969,33.100500000000004,,2.0,600000000.0,7.916052039999997e-10,14.9,19.8,2.08
13.0,10.1779,41.8093,,2.0,650000000.0,4.4693448409999995e-23,12.8,19.9,0.67
13.0,10.7502,57.8428,,2.0,700000000.0,2.294113221e-11,10.3,19.9,0.25
13.0,14.041300000000001,28.382800000000003,,1.2,750000000.0,0.9085949945,15.0,19.8,3.1
13.0,15.255899999999999,27.9867,,1.2,800000000.0,1.0516438985000005,14.9,19.3,2.77
13.0,16.2871,27.5047,,1.2,850000000.0,1.1857902435999996,14.8,18.9,2.5
13.0,17.2189,27.2185,,1.2,900000000.0,1.3103760624999998,14.7,18.5,2.32
13.0,18.1461,27.149099999999997,,1.2,950000000.0,1.4252020625,14.5,18.2,2.2
13.0,18.509,27.163600000000002,,1.2,1000000000.0,1.5305405284000009,14.5,18.1,2.04
14.0,2.5002,4.8058,,1.2,200000000.0,5.649694392399999,23.3,16.6,0.12
14.0,2.5000999999999998,4.8057,,1.2,250000000.0,0.7615092985888401,22.9,17.2,0.02
14.0,2.5000999999999998,4.9066,,1.2,300000000.0,0.0649470365,22.5,17.6,1.63
14.0,2.5995999999999997,8.315900000000001,,2.0,350000000.0,1.2056938393e-10,22.2,17.9,1.11
14.0,3.8047000000000004,12.0219,,2.0,400000000.0,1.764432233009e-14,21.9,18.1,0.06
14.0,5.052099999999999,16.1621,,2.0,450000000.0,5.942453995599999e-12,21.6,18.3,0.31
14.0,6.3148,20.853,,2.0,500000000.0,1.5825149189e-10,20.0,18.4,6.78
14.0,7.562,26.3027,,2.0,550000000.0,1.7321031881000002e-10,17.4,18.6,2.12
14.0,8.7503,32.916799999999995,,2.0,600000000.0,7.095187460000001e-10,15.1,18.7,2.31
14.0,9.7949,41.702,,2.0,650000000.0,6.017793769999999e-21,12.9,18.7,2.22
14.0,10.2992,58.268699999999995,,2.0,700000000.0,9.2890862356e-12,10.3,18.8,0.17
14.0,14.2376,27.6442,,1.2,750000000.0,0.8909854279999999,15.2,18.9,3.26
14.0,15.6108,27.157600000000002,,1.2,800000000.0,1.0321940821000004,15.1,18.5,2.91
14.0,16.7452,26.8358,,1.2,850000000.0,1.1651879743999998,14.9,18.1,2.62
14.0,17.9164,26.375500000000002,,1.2,900000000.0,1.2893253701,14.8,17.6,2.44
14.0,18.529,26.329099999999997,,1.2,950000000.0,1.4040632656,14.7,17.5,2.24
14.0,19.3995,25.965999999999998,,1.2,1000000000.0,1.5097252304000006,14.6,17.2,2.11
16.0,41.8069,32.0459,,1.2,200000000.0,185.11173704000004,0.0,0.0,0.0
16.0,2.5002,4.8058,,1.2,250000000.0,1.017232486736,20.4,15.4,0.04
16.0,2.5000999999999998,4.8058,,1.2,300000000.0,0.0777830976,20.1,15.7,0.9
16.0,2.5000999999999998,10.918199999999999,,1.2,350000000.0,0.031254132904,19.9,16.0,1.68
16.0,3.4617,11.46,,2.0,400000000.0,9.371194928100001e-14,19.6,16.2,0.05
16.0,4.6309,15.6185,,2.0,450000000.0,1.185947365e-15,19.4,16.4,1.3
16.0,5.8198,20.3395,,2.0,500000000.0,3.0864355489999995e-11,19.3,16.5,1.34
16.0,6.9961,25.8356,,2.0,550000000.0,1.648712602e-11,17.8,16.6,0.67
16.0,8.114700000000001,32.5261,,2.0,600000000.0,1.1485790460999999e-26,15.4,16.7,0.93
16.0,9.0856,41.474700000000006,,2.0,650000000.0,1.2320016160000002e-11,13.2,16.8,2.7
16.0,9.428099999999999,59.449600000000004,,2.0,700000000.0,8.885319081999999e-11,10.4,16.9,1.04
16.0,14.6776,26.1861,,1.2,750000000.0,0.8572710444999999,15.7,16.9,3.61
16.0,16.31,25.632199999999997,,1.2,800000000.0,0.9945007141,15.4,17.0,3.18
16.0,17.6584,25.2598,,1.2,850000000.0,1.1250420988999998,15.2,16.6,2.84
16.0,20.1647,23.9625,,1.2,900000000.0,1.2497770625000002,15.0,15.7,2.79
16.0,19.7345,24.8209,,1.2,950000000.0,1.3625442244,14.9,16.0,2.37
16.0,20.729899999999997,24.354200000000002,,1.2,1000000000.0,1.4687260081000002,14.8,15.7,2.21
15.0,42.398599999999995,32.4542,,1.2,200000000.0,177.34133380999998,0.0,0.0,0.0
15.0,2.5000999999999998,4.8058,,1.2,250000000.0,0.886509419309,21.6,16.2,0.03
15.0,2.5000999999999998,4.8058,,1.2,300000000.0,0.0695400356,21.3,16.6,1.22
15.0,2.5000999999999998,11.6703,,1.2,350000000.0,0.0260539734759999,21.0,16.9,1.57
15.0,3.6245999999999996,11.7443,,2.0,400000000.0,1.8917113736e-14,20.7,17.1,3.7
15.0,4.8326,15.8939,,2.0,450000000.0,3.4161971840000003e-25,20.5,17.3,2.26
15.0,6.0582,20.6002,,2.0,500000000.0,1.28284025e-11,20.2,17.4,2.09
15.0,7.2697,26.0746,,2.0,550000000.0,6.0471288040000014e-09,17.6,17.5,2.23
15.0,8.423300000000001,32.7246,,2.0,600000000.0,1.1213122762000002e-26,15.3,17.6,0.89
15.0,9.4316,41.5898,,2.0,650000000.0,7.672265506e-13,13.1,17.7,0.43
15.0,9.860199999999999,58.7883,,2.0,700000000.0,7.367014161000001e-11,10.3,17.8,3.26
15.0,14.454,26.850900000000003,,1.2,750000000.0,0.8739152285,15.5,17.8,3.42
15.0,15.8818,26.436300000000003,,1.2,800000000.0,1.0131760288,15.2,17.8,3.02
15.0,17.4263,25.801,,1.2,850000000.0,1.1450727395999998,15.1,17.2,2.77
15.0,18.3732,25.7571,,1.2,900000000.0,1.2685418496,14.9,16.9,2.52
15.0,19.2156,25.3404,,1.2,950000000.0,1.3832452069,14.8,16.7,2.3
15.0,19.7352,25.4569,,1.2,1000000000.0,1.4890729604,14.7,16.6,2.14
