D1 [cm],D2 [cm],D3 [cm],D4 [cm],setup length [m],Pz [eV/c],"f(x',y') [mrad^2]",x acceptance [mrad],y acceptance [mrad],x'_2/x'_1 [mrad/mrad],y'_2/y'_1 [mrad/mrad],x_2/x_1 [mm/mm],y_2/y_1 [mm/mm],x_2 of initial x angle [mm],y_2 of initial y angle [mm]
35.0,2.5001,4.8058,,2.0,200000000.0,99.34004928640002,0.0,0.0,0.0,0.0,0.0,0.0,0.0,0.0
35.0,2.5001,4.8058,,2.0,250000000.0,23.0012600996,0.0,0.0,0.0,0.0,0.0,0.0,0.0,0.0
35.0,2.5002,4.8058,,2.0,300000000.0,5.014905080399999,0.0,0.0,0.0,0.0,0.0,0.0,0.0,0.0
35.0,2.5001,4.8058,,2.0,350000000.0,0.6248857185000002,0.0,0.0,0.0,0.0,0.0,0.0,0.0,0.0
35.0,2.6922,5.0926,,2.0,400000000.0,2.286655796e-17,9.7,8.2,-0.35912,-0.29422,-2.7847,-3.3988,2.329e-09,-4.1764e-09
35.0,3.9936,5.1925,,3.0,450000000.0,7.918767418e-19,9.7,8.2,-0.21363,-0.18594,-4.681,-5.3781,-1.5273e-10,-8.7667e-10
35.0,4.6265,8.7372,,3.0,500000000.0,5.568082592000001e-15,9.7,8.3,-0.2516,-0.17945,-3.9746,-5.5727,-5.2804e-08,-5.2724e-08
35.0,5.408,12.398,,3.0,550000000.0,1.80795816884e-13,9.6,8.4,-0.29003,-0.17587,-3.4479,-5.6861,-4.2281e-07,4.5028e-08
35.0,6.2773,16.2675,,3.0,600000000.0,1.822211089e-13,9.6,8.4,-0.3309,-0.17386,-3.022,-5.7515,3.5383e-07,-2.388e-07
35.0,7.2046,20.4036,,3.0,650000000.0,2.47966546e-08,9.6,8.5,-0.37561,-0.17289,-2.6627,-5.7858,-0.00011635,-0.00010611
35.0,8.1709,24.8547,,3.0,700000000.0,1.0864052653e-22,9.6,8.5,-0.42521,-0.17247,-2.3517,-5.798,8.3178e-12,-6.2813e-12
35.0,9.1587,29.6955,,3.0,750000000.0,7.900717225e-21,9.5,8.5,-0.48145,-0.1725,-2.0771,-5.7971,2.6125e-11,8.496e-11
35.0,10.1524,35.0185,,3.0,800000000.0,9.166513959999999e-11,9.5,8.6,-0.54623,-0.17275,-1.8307,-5.7885,4.3842e-06,8.5114e-06
35.0,11.1336,40.9673,,3.0,850000000.0,8.186092236999999e-23,9.5,8.6,-0.62258,-0.17307,-1.6062,-5.7781,-2.3354e-12,-8.7411e-12
35.0,12.0779,47.7772,,3.0,900000000.0,1.8668101796e-10,9.4,8.6,-0.71541,-0.17324,-1.3978,-5.772,-5.0086e-06,1.2712e-05
35.0,12.9474,55.8872,,3.0,950000000.0,1.4586061489e-14,9.4,8.6,-0.83395,-0.17304,-1.1991,-5.7791,-1.1388e-07,-4.0217e-08
35.0,17.1918,49.0357,,2.0,1000000000.0,0.8916827690000001,0.0,0.0,0.0,0.0,0.0,0.0,0.0,0.0
34.0,2.5001,4.8058,,2.0,200000000.0,95.3165605981,0.0,0.0,0.0,0.0,0.0,0.0,0.0,0.0
34.0,2.5001,4.8058,,2.0,250000000.0,21.9184945769,0.0,0.0,0.0,0.0,0.0,0.0,0.0,0.0
34.0,2.5002,4.8058,,2.0,300000000.0,4.695046283599999,0.0,0.0,0.0,0.0,0.0,0.0,0.0,0.0
34.0,2.5001,4.8058,,2.0,350000000.0,0.5478077539999999,0.0,0.0,0.0,0.0,0.0,0.0,0.0,0.0
34.0,2.614,5.53,,2.0,400000000.0,2.5969164029000002e-18,10.0,8.4,-0.36275,-0.28177,-2.7568,-3.5491,1.3705e-09,-8.4773e-10
34.0,3.9335,5.6387,,3.0,450000000.0,4.2999695649999996e-21,10.0,8.5,-0.2158,-0.17883,-4.6338,-5.592,6.2598e-11,1.9531e-11
34.0,4.622,9.138,,3.0,500000000.0,2.90232171956e-21,9.9,8.6,-0.25284,-0.17345,-3.955,-5.7654,5.3782e-11,3.1334e-12
34.0,5.4409,12.7793,,3.0,550000000.0,4.703322125e-17,9.9,8.6,-0.29083,-0.17051,-3.4384,-5.8647,6.2995e-09,-2.711e-09
34.0,6.3406,16.6375,,3.0,600000000.0,3.119368768e-11,9.9,8.7,-0.33146,-0.16896,-3.0168,-5.9185,1.8688e-06,-5.2632e-06
34.0,7.295,20.7629,,3.0,650000000.0,9.920972965e-13,9.8,8.7,-0.37598,-0.16829,-2.6597,-5.9422,6.4591e-07,-7.5822e-07
34.0,8.2856,25.2091,,3.0,700000000.0,9.816239392000002e-09,9.8,8.7,-0.42567,-0.16821,-2.3495,-5.946,-7.4004e-05,-6.5876e-05
34.0,9.2974,30.0378,,3.0,750000000.0,8.323808948e-11,9.8,8.8,-0.48182,-0.16846,-2.0755,-5.9363,4.8538e-06,-7.7252e-06
34.0,10.3139,35.3473,,3.0,800000000.0,1.5626656900000004e-11,9.7,8.8,-0.5466,-0.16892,-1.8295,-5.92,-1.9221e-06,3.4543e-06
34.0,11.3176,41.2774,,3.0,850000000.0,4.019825185000001e-13,9.7,8.8,-0.62288,-0.16942,-1.6054,-5.9022,5.0063e-07,-3.8904e-07
34.0,12.2852,48.0604,,3.0,900000000.0,6.5042888000000015e-22,9.7,8.9,-0.71552,-0.1698,-1.3976,-5.8893,-1.3016e-11,2.1932e-11
34.0,13.1779,56.1287,,3.0,950000000.0,4.638066382899999e-14,9.7,8.9,-0.83364,-0.16978,-1.1996,-5.8899,1.9601e-07,8.9223e-08
34.0,17.1854,49.8173,,2.0,1000000000.0,0.8968627993960002,0.0,0.0,0.0,0.0,0.0,0.0,0.0,0.0
36.0,2.5005,4.8059,,2.0,200000000.0,103.37654647840002,0.0,0.0,0.0,0.0,0.0,0.0,0.0,0.0
36.0,2.5001,4.8058,,2.0,250000000.0,24.0884343281,0.0,0.0,0.0,0.0,0.0,0.0,0.0,0.0
36.0,2.5002,4.8058,,2.0,300000000.0,5.339106534400001,0.0,0.0,0.0,0.0,0.0,0.0,0.0,0.0
36.0,2.5001,4.8058,,2.0,350000000.0,0.7055756353,0.0,0.0,0.0,0.0,0.0,0.0,0.0,0.0
36.0,2.7315,4.8001,,2.0,400000000.0,7.787865681999999e-05,9.5,8.0,-0.36435,-0.3075,-2.7947,-3.2791,-0.0083629,-0.0028179
36.0,4.0418,4.8001,,3.0,450000000.0,4.24340518484e-05,9.4,8.0,-0.21472,-0.19271,-4.7201,-5.1821,-0.0064922,0.00053422
36.0,4.6419,8.3278,,3.0,500000000.0,3.4325549609e-18,9.4,8.1,-0.25024,-0.18569,-3.9962,-5.3854,-1.8154e-09,3.6997e-10
36.0,5.3836,12.0123,,3.0,550000000.0,1.3419773520110014e-13,9.4,8.2,-0.28921,-0.18139,-3.4577,-5.5131,3.6633e-07,2.5749e-10
36.0,6.2217,15.8944,,3.0,600000000.0,6.5935036129e-14,9.4,8.2,-0.33036,-0.1789,-3.027,-5.5897,-2.5558e-07,-2.4777e-08
36.0,7.1219,20.0392,,3.0,650000000.0,7.231609633000001e-09,9.3,8.3,-0.3752,-0.17753,-2.6655,-5.6335,-6.2737e-05,-5.7408e-05
36.0,8.063,24.5005,,3.0,700000000.0,9.315283042e-21,9.3,8.3,-0.42492,-0.17684,-2.3533,-5.6547,-7.2729e-11,-6.3449e-11
36.0,9.0273,29.3516,,3.0,750000000.0,4.048670837e-11,9.3,8.3,-0.48121,-0.17662,-2.0781,-5.6618,3.5014e-06,-5.3129e-06
36.0,9.9977,34.6888,,3.0,800000000.0,3.2806934869e-12,9.3,8.4,-0.54607,-0.17665,-1.8313,-5.6608,-8.7063e-07,1.5883e-06
36.0,10.9564,40.6559,,3.0,850000000.0,2.0353100700999998e-10,9.2,8.4,-0.62251,-0.17676,-1.6064,-5.6574,6.0651e-06,-1.2913e-05
36.0,11.8785,47.4924,,3.0,900000000.0,6.075303757000001e-23,9.2,8.4,-0.71553,-0.17674,-1.3976,-5.6578,1.9794e-12,-7.5389e-12
36.0,12.724,55.6464,,3.0,950000000.0,3.0387185469e-26,9.2,8.4,-0.8346,-0.17633,-1.1982,-5.6711,1.7157e-13,3.0837e-14
36.0,17.2359,48.1252,,2.0,1000000000.0,0.886662674125,0.0,0.0,0.0,0.0,0.0,0.0,0.0,0.0
33.0,2.5001,4.8058,,2.0,200000000.0,91.2953886436,0.0,0.0,0.0,0.0,0.0,0.0,0.0,0.0
33.0,2.5002,4.8058,,2.0,250000000.0,20.8416013181,0.0,0.0,0.0,0.0,0.0,0.0,0.0,0.0
33.0,2.5002,4.8058,,2.0,300000000.0,4.379675131600001,0.0,0.0,0.0,0.0,0.0,0.0,0.0,0.0
33.0,2.5001,4.8058,,2.0,350000000.0,0.4745969,0.0,0.0,0.0,0.0,0.0,0.0,0.0,0.0
33.0,2.5561,5.9402,,2.0,400000000.0,1.8353457460000002e-17,10.3,8.6,-0.36555,-0.27017,-2.7355,-3.7016,-1.0961e-09,4.1415e-09
33.0,3.8905,6.0659,,3.0,450000000.0,4.655177488900001e-20,10.2,8.7,-0.2177,-0.17212,-4.5934,-5.81,-1.952e-10,-9.1917e-11
33.0,4.6289,9.5296,,3.0,500000000.0,4.747598676916e-14,10.2,8.8,-0.25398,-0.16768,-3.9373,-5.9636,7.8054e-09,-2.1775e-07
33.0,5.4829,13.1556,,3.0,550000000.0,1.8128840756e-12,10.2,8.8,-0.29161,-0.16532,-3.4292,-6.0487,-1.1516e-07,-1.3415e-06
33.0,6.4122,17.0045,,3.0,600000000.0,2.904710621000001e-15,10.1,8.9,-0.33206,-0.16418,-3.0114,-6.0907,4.877e-08,2.2939e-08
33.0,7.3931,21.1225,,3.0,650000000.0,1.083079405e-09,10.1,8.9,-0.37652,-0.16383,-2.656,-6.104,-2.9197e-05,-1.5186e-05
33.0,8.4089,25.5579,,3.0,700000000.0,3.92092065e-24,10.1,9.0,-0.42611,-0.164,-2.3468,-6.0978,1.9671e-12,2.268e-13
33.0,9.4441,30.3773,,3.0,750000000.0,6.431911531600002e-22,10.0,9.0,-0.48232,-0.16449,-2.0733,-6.0795,-3.7596e-12,2.5081e-11
33.0,10.4835,35.6734,,3.0,800000000.0,2.834090621e-11,10.0,9.0,-0.5471,-0.16516,-1.8278,-6.0549,2.5765e-06,-4.6586e-06
33.0,11.5098,41.5855,,3.0,850000000.0,3.7268906276e-12,10.0,9.1,-0.62336,-0.16584,-1.6042,-6.0296,-8.6576e-07,1.7255e-06
33.0,12.4999,48.3424,,3.0,900000000.0,1.1233063010000003e-17,10.0,9.1,-0.71587,-0.1664,-1.3969,-6.0096,3.085e-09,1.3099e-09
33.0,13.4165,56.3685,,3.0,950000000.0,3.365662525e-11,9.9,9.1,-0.83361,-0.16657,-1.1996,-6.0034,1.9525e-06,-5.463e-06
33.0,17.2494,50.4897,,2.0,1000000000.0,0.9022093364,0.0,0.0,0.0,0.0,0.0,0.0,0.0,0.0
5.0,2.5002,4.8059,,2.0,200000000.0,5.137371827600003,0.0,0.0,0.0,0.0,0.0,0.0,0.0,0.0
5.0,2.5001,4.8057,,2.0,250000000.0,0.1780144897,0.0,0.0,0.0,0.0,0.0,0.0,0.0,0.0
5.0,3.4895,5.921,,3.0,300000000.0,9.918255874e-13,31.0,36.7,-0.18618,-0.04666,-5.3708,-21.434,3.9535e-07,-9.1407e-07
5.0,5.1266,8.6946,,3.0,350000000.0,9.26644772e-13,26.8,37.3,-0.21885,-0.04997,-4.5691,-20.013,1.1558e-07,9.5566e-07
5.0,6.8089,11.6131,,3.0,400000000.0,4.404784201000001e-13,23.5,35.3,-0.25447,-0.05344,-3.9294,-18.713,-1.6224e-07,6.4355e-07
5.0,8.5207,14.6835,,3.0,450000000.0,2.56809809609e-13,20.7,33.0,-0.29324,-0.05701,-3.4101,-17.539,5.015e-07,7.2853e-08
5.0,10.2507,17.9185,,3.0,500000000.0,8.902121569999998e-10,18.5,31.0,-0.3354,-0.06065,-2.9814,-16.486,2.7646e-05,1.1221e-05
5.0,11.9903,21.3372,,3.0,550000000.0,9.435474320000001e-20,16.6,29.2,-0.38141,-0.06434,-2.6218,-15.543,-9.794e-11,2.9114e-10
5.0,13.7318,24.9646,,3.0,600000000.0,1.0544133279999998e-08,15.0,27.6,-0.43185,-0.06805,-2.3157,-14.698,-9.5564e-05,-3.7572e-05
5.0,15.4683,28.8311,,3.0,650000000.0,2.794535677000001e-17,13.6,26.2,-0.48729,-0.07173,-2.0522,-13.941,2.0754e-09,-4.8619e-09
5.0,17.1928,32.9807,,3.0,700000000.0,2.192605505e-09,12.4,24.9,-0.54882,-0.07539,-1.822,-13.262,4.3649e-05,1.6952e-05
5.0,18.8986,37.4714,,3.0,750000000.0,2.8218353770000003e-09,11.3,23.8,-0.61788,-0.07902,-1.6185,-12.655,-4.9689e-05,-1.8784e-05
5.0,20.5768,42.3793,,3.0,800000000.0,2.3876609249000002e-18,10.4,22.8,-0.69613,-0.08256,-1.4365,-12.112,-2.8657e-10,1.5184e-09
5.0,22.2169,47.8205,,3.0,850000000.0,8.056625230400002e-12,9.5,21.8,-0.7865,-0.08598,-1.2714,-11.63,2.7338e-06,7.6352e-07
5.0,23.804,53.97,,3.0,900000000.0,6.80117657e-14,8.7,21.0,-0.89335,-0.08924,-1.1194,-11.205,-2.1949e-07,1.4084e-07
5.0,23.1556,59.9985,,2.0,950000000.0,1.0250107178,0.0,0.0,0.0,0.0,0.0,0.0,0.0,0.0
5.0,24.396,59.9765,,2.0,1000000000.0,1.3451308360999998,0.0,0.0,0.0,0.0,0.0,0.0,0.0,0.0
8.0,2.5002,4.8058,,2.0,200000000.0,9.887603536100002,0.0,0.0,0.0,0.0,0.0,0.0,0.0,0.0
8.0,2.5001,4.8056,,2.0,250000000.0,0.891373361,0.0,0.0,0.0,0.0,0.0,0.0,0.0,0.0
8.0,2.6015,5.3126,,3.0,300000000.0,2.263953805e-13,33.8,27.0,-0.17192,-0.05602,-5.8166,-17.851,1.2019e-07,4.6038e-07
8.0,4.0815,8.0998,,3.0,350000000.0,1.71168845e-12,29.2,27.4,-0.20242,-0.05885,-4.9401,-16.992,-1.133e-07,-1.3034e-06
8.0,5.6262,11.0401,,3.0,400000000.0,7.544058238489999e-17,25.5,27.7,-0.23588,-0.06195,-4.2393,-16.142,6.6707e-10,-8.66e-09
8.0,7.2174,14.1364,,3.0,450000000.0,4.215884712399999e-18,22.4,28.0,-0.27248,-0.06522,-3.6698,-15.331,-9.0532e-10,1.8429e-09
8.0,8.841,17.3981,,3.0,500000000.0,2.6735144225000006e-08,19.9,27.8,-0.31246,-0.0686,-3.2,-14.571,0.0001472,7.1185e-05
8.0,10.4856,20.8455,,3.0,550000000.0,6.830364185e-09,17.9,26.4,-0.35632,-0.07209,-2.8062,-13.868,7.4597e-05,3.5576e-05
8.0,12.1423,24.501,,3.0,600000000.0,1.7434881280000002e-09,16.1,25.1,-0.40453,-0.07563,-2.4719,-13.221,3.8152e-05,1.6968e-05
8.0,13.8022,28.3968,,3.0,650000000.0,1.3387235490000003e-09,14.5,24.0,-0.45775,-0.07917,-2.1845,-12.63,3.3018e-05,1.5765e-05
8.0,15.4576,32.5758,,3.0,700000000.0,1.8053682250000002e-13,13.2,22.9,-0.51697,-0.08271,-1.9343,-12.09,-1.8857e-07,3.8076e-07
8.0,17.1,37.0959,,3.0,750000000.0,4.183763948900002e-12,12.0,22.0,-0.58343,-0.0862,-1.714,-11.601,-6.7967e-07,1.9292e-06
8.0,18.7198,42.0358,,3.0,800000000.0,4.932109872100001e-10,11.0,21.1,-0.65897,-0.08961,-1.5175,-11.158,2.0224e-05,9.1761e-06
8.0,20.3061,47.512,,3.0,850000000.0,1.5771166450000005e-13,10.0,20.3,-0.74634,-0.09292,-1.3399,-10.761,1.8337e-07,-3.5226e-07
8.0,21.8426,53.7047,,3.0,900000000.0,7.79193698e-22,9.1,19.6,-0.8498,-0.09605,-1.1767,-10.41,2.0227e-11,-1.9237e-11
8.0,21.7625,59.9964,,2.0,950000000.0,0.94523833,0.0,0.0,0.0,0.0,0.0,0.0,0.0,0.0
8.0,23.1109,59.9779,,2.0,1000000000.0,1.2456358601000002,0.0,0.0,0.0,0.0,0.0,0.0,0.0,0.0
6.0,2.5002,4.8058,,2.0,200000000.0,6.53851658,0.0,0.0,0.0,0.0,0.0,0.0,0.0,0.0
6.0,2.5001,4.8057,,2.0,250000000.0,0.3567632722,0.0,0.0,0.0,0.0,0.0,0.0,0.0,0.0
6.0,3.1525,5.7348,,3.0,300000000.0,9.308065480100002e-12,32.0,32.8,-0.18068,-0.04967,-5.5345,-20.134,6.1151e-07,2.989e-06
6.0,4.7369,8.5141,,3.0,350000000.0,1.8698940081e-12,27.7,33.3,-0.21258,-0.05283,-4.7038,-18.927,1.6209e-07,1.3578e-06
6.0,6.3735,11.4403,,3.0,400000000.0,8.617263469599999e-14,24.2,33.7,-0.24746,-0.05619,-4.0409,-17.796,4.7214e-08,-2.8973e-07
6.0,8.0455,14.5193,,3.0,450000000.0,1.05766658244e-09,21.3,31.7,-0.28548,-0.05966,-3.5028,-16.756,3.4338e-06,3.234e-05
6.0,9.7411,17.7633,,3.0,500000000.0,1.3931504261000002e-20,19.0,29.9,-0.32692,-0.06325,-3.0588,-15.811,1.0709e-10,4.9631e-11
6.0,11.4499,21.1909,,3.0,550000000.0,1.4079753841e-12,17.0,28.2,-0.3722,-0.06687,-2.6867,-14.954,4.6329e-07,-1.0924e-06
6.0,13.164,24.8269,,3.0,600000000.0,1.198091834e-09,15.4,26.8,-0.42185,-0.07052,-2.3706,-14.181,-3.1955e-05,-1.3303e-05
6.0,14.876,28.7022,,3.0,650000000.0,1.129995764e-09,13.9,25.4,-0.47652,-0.07416,-2.0985,-13.483,3.094e-05,1.3142e-05
6.0,16.5787,32.8606,,3.0,700000000.0,4.727856249999999e-09,12.7,24.2,-0.53727,-0.07778,-1.8612,-12.855,6.3561e-05,2.6227e-05
6.0,18.2643,37.3605,,3.0,750000000.0,5.914946738e-25,11.6,23.2,-0.60542,-0.08137,-1.6517,-12.289,7.6223e-13,1.0247e-13
6.0,19.9242,42.2786,,3.0,800000000.0,1.5480186089e-10,10.6,22.2,-0.68276,-0.08487,-1.4646,-11.782,1.1024e-05,5.7683e-06
6.0,21.5474,47.7305,,3.0,850000000.0,5.190432013e-11,9.7,21.3,-0.77209,-0.08826,-1.29519,-11.33,5.5178e-06,4.6323e-06
6.0,23.1185,53.8935,,3.0,900000000.0,3.4064302001e-12,8.8,20.5,-0.87775,-0.09148,-1.1393,-10.931,-1.8424e-06,1.0951e-07
6.0,22.563,59.9966,,2.0,950000000.0,0.9964384205000004,0.0,0.0,0.0,0.0,0.0,0.0,0.0,0.0
6.0,23.8725,59.9839,,2.0,1000000000.0,1.3096080036,0.0,0.0,0.0,0.0,0.0,0.0,0.0,0.0
1.0,2.5001,4.8057,,2.0,200000000.0,1.5342490831999998,0.0,0.0,0.0,0.0,0.0,0.0,0.0,0.0
1.0,3.4486,4.8001,,2.0,250000000.0,0.00204331912101,0.0,0.0,0.0,0.0,0.0,0.0,0.0,0.0
1.0,5.4227,6.4512,,3.0,300000000.0,5.658438600400001e-12,26.1,52.2,-0.22008,-0.03557,-4.5433,-28.116,-6.5252e-07,-2.2875e-06
1.0,7.2565,9.1999,,3.0,350000000.0,3.016487156e-09,22.8,47.2,-0.25571,-0.03933,-3.9101,-25.42,5.27e-05,1.5466e-05
1.0,9.1023,12.0907,,3.0,400000000.0,7.895564792695038e-14,20.2,43.0,-0.29425,-0.04316,-3.3984,-23.169,-2.8099e-07,-5.1752e-10
1.0,10.9519,15.1333,,3.0,450000000.0,1.0647914274e-08,18.0,39.5,-0.33586,-0.04702,-2.9774,-21.272,-9.8943e-05,-2.9295e-05
1.0,12.8001,18.3382,,3.0,500000000.0,5.8024687361000004e-08,16.2,36.6,-0.38072,-0.05085,-2.6262,-19.654,0.00023078,6.9031e-05
1.0,14.6417,21.7311,,3.0,550000000.0,6.43327511561e-21,14.7,34.0,-0.4297,-0.05475,-2.3271,-18.265,-1.5869e-12,8.0192e-11
1.0,16.4723,25.332,,3.0,600000000.0,5.708567401e-09,13.3,31.8,-0.48311,-0.05862,-2.0699,-17.062,-7.2549e-05,-2.11e-05
1.0,18.2873,29.173,,3.0,650000000.0,2.550152345000001e-19,12.2,29.9,-0.5417,-0.06245,-1.846,-16.013,-1.4684e-10,4.8317e-10
1.0,20.0822,33.297,,3.0,700000000.0,2.0771188839999997e-09,11.2,28.2,-0.60662,-0.06624,-1.6484,-15.095,4.3622e-05,1.32e-05
1.0,21.8506,37.7612,,3.0,750000000.0,1.620513689e-15,10.3,26.7,-0.67933,-0.06999,-1.472,-14.288,1.4392e-08,-3.7595e-08
1.0,23.5858,42.6423,,3.0,800000000.0,1.1367633341e-18,9.4,25.4,-0.7617,-0.07365,-1.3128,-13.577,-3.4421e-10,1.0091e-09
1.0,25.2776,48.053,,3.0,850000000.0,3.180343850000001e-14,8.7,24.2,-0.8567,-0.0772,-1.1673,-12.953,1.3748e-07,-1.1359e-07
1.0,26.913,54.1668,,3.0,900000000.0,1.7341685161000005e-12,8.0,23.2,-0.96895,-0.08059,-1.032,-12.409,-5.5931e-07,-1.1922e-06
1.0,25.2616,59.9913,,2.0,950000000.0,1.1636606503999998,0.0,0.0,0.0,0.0,0.0,0.0,0.0,0.0
1.0,26.2079,59.9883,,2.0,1000000000.0,1.5130716724000002,0.0,0.0,0.0,0.0,0.0,0.0,0.0,0.0
3.0,2.5001,4.8057,,2.0,200000000.0,2.9194521625000003,0.0,0.0,0.0,0.0,0.0,0.0,0.0,0.0
3.0,2.5001,4.8058,,2.0,250000000.0,0.009590573093,0.0,0.0,0.0,0.0,0.0,0.0,0.0,0.0
3.0,4.3193,6.2332,,3.0,300000000.0,3.5433683701e-12,28.7,45.8,-0.20027,-0.04093,-4.99289,-24.431,-5.2151e-07,-1.8087e-06
3.0,6.0604,8.9941,,3.0,350000000.0,5.9324186596e-14,25.0,42.0,-0.23452,-0.0445,-4.26389,-22.473,-3.9386e-08,-2.4036e-07
3.0,7.8303,11.8975,,3.0,400000000.0,2.6080782884e-12,21.9,38.8,-0.27165,-0.04816,-3.681,-20.764,6.7222e-07,1.4684e-06
3.0,9.6171,14.9518,,3.0,450000000.0,2.4088831121e-14,19.5,36.0,-0.31188,-0.05189,-3.2062,-19.27199,-5.5561e-08,1.4492e-07
3.0,11.4118,18.1696,,3.0,500000000.0,3.5323301e-08,17.4,33.6,-0.35544,-0.05563,-2.813,-17.96699,0.00017041,7.927e-05
3.0,13.2078,21.5725,,3.0,550000000.0,1.85066089e-08,15.7,31.4,-0.40294,-0.05942,-2.4815,-16.822,0.0001236,5.683e-05
3.0,14.999,25.1864,,3.0,600000000.0,3.8957842984000014e-08,14.2,29.6,-0.455,-0.06325,-2.198,-15.816,-0.00018641,-6.4878e-05
3.0,16.7795,29.0366,,3.0,650000000.0,2.39411008e-09,12.9,27.9,-0.51193,-0.067,-1.9533,-14.924,4.6248e-05,1.5976e-05
3.0,18.5436,33.1718,,3.0,700000000.0,1.577159425e-09,11.8,26.5,-0.5752,-0.07074,-1.7385,-14.135,3.7671e-05,1.2572e-05
3.0,20.2848,37.6474,,3.0,750000000.0,2.446725745e-09,10.8,25.2,-0.64603,-0.07444,-1.5479,-13.435,-4.6584e-05,-1.6633e-05
3.0,21.9955,42.539,,3.0,800000000.0,3.1322629249000007e-12,9.9,24.0,-0.72628,-0.07803,-1.3768,-12.814,-5.7793e-07,1.6728e-06
3.0,23.6651,47.9617,,3.0,850000000.0,1.904861165e-13,9.1,23.0,-0.81888,-0.08153,-1.2212,-12.265,-3.5794e-07,2.4973e-07
3.0,25.2797,54.0906,,3.0,900000000.0,2.630265381e-19,8.3,22.0,-0.9283,-0.08486,-1.0772,-11.784,4.023e-10,3.1809e-10
3.0,24.1621,59.9942,,2.0,950000000.0,1.0891962289000003,0.0,0.0,0.0,0.0,0.0,0.0,0.0,0.0
3.0,25.2564,59.9813,,2.0,1000000000.0,1.4235122755999998,0.0,0.0,0.0,0.0,0.0,0.0,0.0,0.0
4.0,2.5001,4.8058,,2.0,200000000.0,3.92814089,0.0,0.0,0.0,0.0,0.0,0.0,0.0,0.0
4.0,2.5001,4.8058,,2.0,250000000.0,0.0615234978,0.0,0.0,0.0,0.0,0.0,0.0,0.0,0.0
4.0,3.8756,6.0878,,3.0,300000000.0,2.3751999369000012e-20,29.9,41.7,-0.19265,-0.04375,-5.1906,-22.86,1.4994e-10,-3.5637e-11
4.0,5.5654,8.8552,,3.0,350000000.0,6.461196989600005e-14,25.9,39.8,-0.2261,-0.04719,-4.4225,-21.19,-4.2386e-08,-2.5063e-07
4.0,7.2922,11.7675,,3.0,400000000.0,8.254303356100003e-08,22.7,37.0,-0.26262,-0.0508,-3.8089,-19.701,-0.00027048,-9.6869e-05
4.0,9.0426,14.8281,,3.0,450000000.0,6.9400781840000006e-15,20.1,34.5,-0.302,-0.05442,-3.3112,-18.376,-8.089e-08,-1.9922e-08
4.0,10.806,18.0541,,3.0,500000000.0,1.3268038769e-08,18.0,32.3,-0.34486,-0.05811,-2.8995,-17.203,0.0001076,4.1113e-05
4.0,12.5748,21.465,,3.0,550000000.0,3.3006728736e-26,16.2,30.3,-0.39165,-0.06186,-2.5533,-16.164,1.6086e-13,8.4444e-14
4.0,14.342,25.0834,,3.0,600000000.0,1.2513244999999998e-18,14.6,28.6,-0.44278,-0.06561,-2.2584,-15.241,-3.517e-10,1.0619e-09
4.0,16.1014,28.9418,,3.0,650000000.0,8.446881747999999e-09,13.3,27.0,-0.49901,-0.06933,-2.00389,-14.42,8.6002e-05,3.2412e-05
4.0,17.8468,33.0842,,3.0,700000000.0,2.3354214439999998e-09,12.1,25.7,-0.56144,-0.07304,-1.7811,-13.689,4.549e-05,1.6312e-05
4.0,19.5711,37.567,,3.0,750000000.0,1.86318521e-09,11.1,24.5,-0.63137,-0.07671,-1.5839,-13.037,-4.0571e-05,-1.4737e-05
4.0,21.2662,42.466,,3.0,800000000.0,1.8338395421e-10,10.1,23.4,-0.7106,-0.08028,-1.4072,-12.456,1.2683e-05,4.7461e-06
4.0,22.922,47.8975,,3.0,850000000.0,4.140837045000001e-11,9.3,22.4,-0.80208,-0.08374,-1.24679,-11.941,-3.0663e-06,-5.6574e-06
4.0,24.5234,54.0364,,3.0,900000000.0,4.176904433000001e-25,8.5,21.5,-0.91017,-0.08703,-1.0987,-11.489,6.2812e-13,-1.5217e-13
4.0,23.6236,59.9989,,2.0,950000000.0,1.0558830977999998,0.0,0.0,0.0,0.0,0.0,0.0,0.0,0.0
4.0,24.8234,59.9844,,2.0,1000000000.0,1.3830023584000002,0.0,0.0,0.0,0.0,0.0,0.0,0.0,0.0
2.0,2.5001,4.8058,,2.0,200000000.0,2.1189174409,0.0,0.0,0.0,0.0,0.0,0.0,0.0,0.0
2.0,2.8834,4.8001,,2.0,250000000.0,0.00421190646961,0.0,0.0,0.0,0.0,0.0,0.0,0.0,0.0
2.0,4.8306,6.3551,,3.0,300000000.0,5.061516736900001e-12,27.5,48.8,-0.20931,-0.03821,-4.77719,-26.173,7.1363e-07,2.1336e-06
2.0,6.6203,9.1094,,3.0,350000000.0,5.785138164999999e-09,23.9,44.5,-0.24427,-0.04187,-4.0932,-23.877,7.2183e-05,2.3974e-05
2.0,8.4305,12.0062,,3.0,400000000.0,2.2409563936e-10,21.1,40.8,-0.28217,-0.04563,-3.5439,-21.916,-1.3794e-05,-5.8156e-06
2.0,10.2508,15.0536,,3.0,450000000.0,1.5746489896000001e-18,18.8,37.7,-0.32311,-0.04942,-3.0949,-20.234,-6.9786e-10,1.0429e-09
2.0,12.0742,18.2644,,3.0,500000000.0,7.366197226399999e-08,16.8,35.0,-0.36732,-0.05321,-2.7219,-18.782,0.00025861,8.2358e-05
2.0,13.8948,21.6624,,3.0,550000000.0,1.8282450056000004e-20,15.2,32.7,-0.41563,-0.05707,-2.4059,-17.52199,1.3285e-10,2.5166e-11
2.0,15.7072,25.2689,,3.0,600000000.0,2.7081659684e-08,13.8,30.6,-0.46836,-0.06092,-2.1352,-16.421,-0.000157,-4.9322e-05
2.0,17.5065,29.1139,,3.0,650000000.0,2.8952863844e-12,12.6,28.9,-0.52613,-0.0647,-1.9006,-15.454,1.4828e-06,8.3462e-07
2.0,19.2875,33.2429,,3.0,700000000.0,1.7035752836e-10,11.5,27.3,-0.59022,-0.06847,-1.6942,-14.603,1.2445e-05,3.9344e-06
2.0,21.0434,37.7122,,3.0,750000000.0,2.84696425e-09,10.5,25.9,-0.662,-0.0722,-1.5106,-13.852,-5.0795e-05,-1.6335e-05
2.0,22.7675,42.5973,,3.0,800000000.0,3.98896563796e-19,9.7,24.7,-0.74327,-0.07582,-1.3454,-13.188,6.3141e-10,-1.4764e-11
2.0,24.4494,48.0138,,3.0,850000000.0,8.0620569229000015e-22,8.9,23.6,-0.83705,-0.07935,-1.1946,-12.603,-2.8245e-11,-2.9027e-12
2.0,26.0752,54.1341,,3.0,900000000.0,8.063456552000001e-11,8.1,22.6,-0.94785,-0.08271,-1.055,-12.09,8.8834e-06,1.3114e-06
2.0,24.6634,59.9791,,2.0,950000000.0,1.1251422221000005,0.0,0.0,0.0,0.0,0.0,0.0,0.0,0.0
2.0,25.739,59.9891,,2.0,1000000000.0,1.4667499181,0.0,0.0,0.0,0.0,0.0,0.0,0.0,0.0
9.0,2.5001,4.8058,,2.0,200000000.0,11.820529578400002,0.0,0.0,0.0,0.0,0.0,0.0,0.0,0.0
9.0,2.5002,4.8057,,2.0,250000000.0,1.2430447016,0.0,0.0,0.0,0.0,0.0,0.0,0.0,0.0
9.0,2.5001,5.8801,,2.0,300000000.0,0.008622756473,0.0,0.0,0.0,0.0,0.0,0.0,0.0,0.0
9.0,3.8063,7.8697,,3.0,350000000.0,2.25144676969e-19,29.8,25.2,-0.1983,-0.06201,-5.0427,-16.126,4.7336e-10,-3.2787e-11
9.0,5.3057,10.8159,,3.0,400000000.0,8.793357457000001e-21,26.0,25.5,-0.23111,-0.06496,-4.3268,-15.394,-9.1519e-11,-2.0436e-11
9.0,6.8564,13.92,,3.0,450000000.0,2.0917575649e-20,22.9,25.7,-0.26706,-0.06812,-3.7445,-14.68,1.2378e-10,7.4807e-11
9.0,8.4434,17.1924,,3.0,500000000.0,2.1585733e-20,20.4,25.9,-0.30642,-0.07142,-3.2635,-14.001,6.971e-11,-1.2933e-10
9.0,10.0551,20.6482,,3.0,550000000.0,1.8111350564e-08,18.2,25.6,-0.34952,-0.0748,-2.8607,-13.365,0.00012004,6.0842e-05
9.0,11.682,24.3147,,3.0,600000000.0,1.9271741625000003e-10,16.4,24.4,-0.39706,-0.07828,-2.5184,-12.775,1.2816e-05,5.3355e-06
9.0,13.3147,28.2208,,3.0,650000000.0,2.370848066e-09,14.8,23.3,-0.44956,-0.08175,-2.2243,-12.231,4.4035e-05,2.0779e-05
9.0,14.9455,32.411,,3.0,700000000.0,3.4816135825000013e-10,13.5,22.3,-0.50802,-0.08523,-1.9683,-11.732,1.6854e-05,8.0065e-06
9.0,16.5651,36.943,,3.0,750000000.0,6.633978944e-09,12.3,21.4,-0.57376,-0.08869,-1.7429,-11.277,-7.52e-05,-3.1288e-05
9.0,18.1639,41.8944,,3.0,800000000.0,1.036281913e-12,11.2,20.6,-0.64843,-0.09205,-1.5422,-10.863,2.7429e-07,-9.8033e-07
9.0,19.7299,47.3849,,3.0,850000000.0,1.4487094776960003e-20,10.2,19.9,-0.73488,-0.09531,-1.3608,-10.492,1.203e-10,-3.8736e-12
9.0,21.2482,53.5933,,3.0,900000000.0,1.1657814920000005e-11,9.3,19.2,-0.83732,-0.09839,-1.19429,-10.163,2.6116e-06,-2.1994e-06
9.0,21.7266,59.9944,,2.0,950000000.0,0.9243512660000002,0.0,0.0,0.0,0.0,0.0,0.0,0.0,0.0
9.0,22.5839,59.9433,,2.0,1000000000.0,1.2169666663999998,0.0,0.0,0.0,0.0,0.0,0.0,0.0,0.0
11.0,2.5001,4.8058,,2.0,200000000.0,16.165481674400002,0.0,0.0,0.0,0.0,0.0,0.0,0.0,0.0
11.0,2.5002,4.8059,,2.0,250000000.0,2.1030489961000005,0.0,0.0,0.0,0.0,0.0,0.0,0.0,0.0
11.0,2.5001,4.806,,2.0,300000000.0,0.0427507874,0.0,0.0,0.0,0.0,0.0,0.0,0.0,0.0
11.0,3.3437,7.3709,,3.0,350000000.0,7.4355537316e-14,26.6,21.6,-0.19152,-0.06866,-5.2211,-14.565,1.5696e-08,2.7223e-07
11.0,4.7542,10.3259,,3.0,400000000.0,7.867406459225002e-16,26.3,21.9,-0.22318,-0.07126,-4.4806,-14.032,4.0315e-10,-2.8046e-08
11.0,6.2244,13.445,,3.0,450000000.0,9.226186344e-09,23.8,22.1,-0.25795,-0.07416,-3.8771,-13.486,-9.1662e-05,-2.871e-05
11.0,7.7387,16.7342,,3.0,500000000.0,9.530114309e-13,21.2,22.3,-0.29602,-0.07723,-3.378,-12.948,9.6278e-07,1.6145e-07
11.0,9.2841,20.2111,,3.0,550000000.0,1.752196645e-13,18.9,22.4,-0.33792,-0.08045,-2.9593,-12.43,1.9473e-07,-3.7054e-07
11.0,10.8504,23.8976,,3.0,600000000.0,1.099836769e-09,17.0,22.5,-0.38408,-0.08374,-2.6035,-11.941,2.994e-05,1.4263e-05
11.0,12.4276,27.826,,3.0,650000000.0,1.4440686099999998e-09,15.4,22.1,-0.43524,-0.08708,-2.2975,-11.482,3.3007e-05,1.8831e-05
11.0,14.0071,32.0409,,3.0,700000000.0,1.6632593056000002e-08,13.9,21.2,-0.49238,-0.09047,-2.0311,-11.057,-0.00011474,-5.8884e-05
11.0,15.5793,36.5955,,3.0,750000000.0,7.0790093060000014e-09,12.7,20.4,-0.55656,-0.09379,-1.7968,-10.664,-7.6091e-05,-3.5905e-05
11.0,17.1339,41.5732,,3.0,800000000.0,1.3724180100000003e-10,11.5,19.7,-0.62965,-0.09703,-1.5882,-10.305,8.9304e-06,7.5822e-06
11.0,18.6587,47.0931,,3.0,850000000.0,5.305370189e-21,10.5,19.0,-0.7144,-0.10019,-1.3998,-9.9808,-1.0045e-11,-7.2142e-11
11.0,20.1375,53.3355,,3.0,900000000.0,4.121396690000001e-09,9.6,18.4,-0.81492,-0.10315,-1.2271,-9.6926,5.6981e-05,2.9573e-05
11.0,20.2787,59.99,,2.0,950000000.0,0.8820612425000001,0.0,0.0,0.0,0.0,0.0,0.0,0.0,0.0
11.0,21.8312,59.9313,,2.0,1000000000.0,1.1649440755999998,0.0,0.0,0.0,0.0,0.0,0.0,0.0,0.0
12.0,2.5002,4.8058,,2.0,200000000.0,18.5638568509,0.0,0.0,0.0,0.0,0.0,0.0,0.0,0.0
12.0,2.5001,4.8058,,2.0,250000000.0,2.6068225544000008,0.0,0.0,0.0,0.0,0.0,0.0,0.0,0.0
12.0,2.5001,4.8057,,2.0,300000000.0,0.074944224016,0.0,0.0,0.0,0.0,0.0,0.0,0.0,0.0
12.0,3.1504,7.1051,,3.0,350000000.0,1.4261787017e-14,24.9,20.3,-0.18873,-0.07215,-5.2983,-13.86,7.1876e-08,9.5371e-08
12.0,4.5177,10.0627,,3.0,400000000.0,6.095472800000002e-19,24.6,20.5,-0.21989,-0.07456,-4.5476,-13.411,6.0092e-10,-4.9844e-10
12.0,5.9483,13.1873,,3.0,450000000.0,1.3047414735999999e-20,24.2,20.7,-0.25408,-0.07729,-3.9357,-12.937,-1.0812e-10,-3.6844e-11
12.0,7.4261,16.4853,,3.0,500000000.0,1.5842852981e-08,21.5,20.9,-0.29162,-0.0802,-3.4291,-12.46,1.3241e-05,0.00012517
12.0,8.9387,19.9718,,3.0,550000000.0,2.547808434e-13,19.2,21.0,-0.33292,-0.08336,-3.0037,-11.996,2.4903e-07,-4.3905e-07
12.0,10.4744,23.6689,,3.0,600000000.0,3.81370912e-10,17.3,21.1,-0.37848,-0.08657,-2.642,-11.551,1.5916e-05,1.1316e-05
12.0,12.0237,27.6085,,3.0,650000000.0,1.2291747940000002e-15,15.6,21.2,-0.42903,-0.08984,-2.3309,-11.131,1.7955e-08,-3.0113e-08
12.0,13.577,31.8332,,3.0,700000000.0,7.63102594e-10,14.2,20.7,-0.4854,-0.09312,-2.06009,-10.738,2.5525e-05,1.0563e-05
12.0,15.125,36.4023,,3.0,750000000.0,5.607422576999999e-09,12.9,19.9,-0.54896,-0.09641,-1.8217,-10.374,-6.4524e-05,-3.8001e-05
12.0,16.657,41.3941,,3.0,800000000.0,6.302402692e-23,11.7,19.2,-0.62132,-0.0996,-1.6095,-10.03999,7.4016e-12,2.8706e-12
12.0,18.1605,46.9296,,3.0,850000000.0,1.970354245e-13,10.7,18.6,-0.70528,-0.10269,-1.4179,-9.7377,-1.9798e-07,3.9729e-07
12.0,19.6186,53.1928,,3.0,900000000.0,3.094209317e-11,9.7,18.1,-0.80501,-0.10561,-1.2422,-9.4688,3.0874e-06,-4.6271e-06
12.0,19.9831,59.9936,,2.0,950000000.0,0.8639693504999999,0.0,0.0,0.0,0.0,0.0,0.0,0.0,0.0
12.0,21.1886,59.9721,,2.0,1000000000.0,1.1420829956000005,0.0,0.0,0.0,0.0,0.0,0.0,0.0,0.0
10.0,2.5002,4.8058,,2.0,200000000.0,13.9156685281,0.0,0.0,0.0,0.0,0.0,0.0,0.0,0.0
10.0,2.5002,4.8058,,2.0,250000000.0,1.6475504401,0.0,0.0,0.0,0.0,0.0,0.0,0.0,0.0
10.0,2.5001,5.3158,,2.0,300000000.0,0.0240036266,0.0,0.0,0.0,0.0,0.0,0.0,0.0,0.0
10.0,3.5614,7.6262,,3.0,350000000.0,1.365362194576e-22,28.5,23.2,-0.1947,-0.06528,-5.1361,-15.319,-4.5524e-13,-1.1676e-11
10.0,5.016,10.5773,,3.0,400000000.0,1.4795832322100006e-13,26.6,23.5,-0.2269,-0.06806,-4.4071,-14.692,1.3111e-08,-3.8443e-07
10.0,6.5262,13.6896,,3.0,450000000.0,4.1597832250000005e-09,23.4,23.7,-0.26224,-0.0711,-3.8134,-14.067,-5.8059e-05,-2.8088e-05
10.0,8.0768,16.9702,,3.0,500000000.0,4.6695360769999995e-23,20.8,23.9,-0.30094,-0.07429,-3.3228,-13.461,-5.9779e-12,-3.3106e-12
10.0,9.6554,20.4389,,3.0,550000000.0,3.87226834e-08,18.6,24.1,-0.34354,-0.07763,-2.9113,-12.887,-0.00017725,-8.547e-05
10.0,11.2522,24.1132,,3.0,600000000.0,5.469909262099999e-12,16.7,23.7,-0.39028,-0.08098,-2.56219,-12.348,-5.7539e-07,2.2669e-06
10.0,12.8573,28.0305,,3.0,650000000.0,9.74329556e-10,15.1,22.7,-0.44209,-0.08439,-2.26189,-11.848,2.731e-05,1.5116e-05
10.0,14.4626,32.2321,,3.0,700000000.0,1.2384305585000002e-26,13.7,21.7,-0.49984,-0.08782,-2.0006,-11.387,9.2569e-14,-6.1768e-14
10.0,16.0586,36.7751,,3.0,750000000.0,1.3324707509000005e-12,12.5,20.9,-0.56477,-0.0912,-1.7706,-10.964,-3.9097e-07,1.0861e-06
10.0,17.6356,41.7398,,3.0,800000000.0,1.2936331459999996e-09,11.4,20.1,-0.63866,-0.09451,-1.5658,-10.579,3.1675e-05,1.7039e-05
10.0,19.1815,47.2449,,3.0,850000000.0,1.2200400969759997e-22,10.4,19.4,-0.72424,-0.09773,-1.3807,-10.23199,1.1026e-11,6.5676e-13
10.0,20.6802,53.4717,,3.0,900000000.0,5.0996316050000034e-09,9.4,18.8,-0.82577,-0.10077,-1.211,-9.9244,-6.3737e-05,-3.2206e-05
10.0,21.1689,59.9984,,2.0,950000000.0,0.9024461329,0.0,0.0,0.0,0.0,0.0,0.0,0.0,0.0
10.0,22.2203,59.9856,,2.0,1000000000.0,1.1898123364000002,0.0,0.0,0.0,0.0,0.0,0.0,0.0,0.0
23.0,2.5001,4.8058,,2.0,200000000.0,52.72318524999999,0.0,0.0,0.0,0.0,0.0,0.0,0.0,0.0
23.0,2.5001,4.8058,,2.0,250000000.0,10.7600589025,0.0,0.0,0.0,0.0,0.0,0.0,0.0,0.0
23.0,2.5002,4.8059,,2.0,300000000.0,1.6358830563999998,0.0,0.0,0.0,0.0,0.0,0.0,0.0,0.0
23.0,2.5001,4.8057,,2.0,350000000.0,0.028388438324,0.0,0.0,0.0,0.0,0.0,0.0,0.0,0.0
23.0,3.1273,6.6428,,3.0,400000000.0,1.244408767321e-12,14.4,11.9,-0.1992,-0.1189,-5.0199,-8.4108,1.1122e-06,-8.6139e-08
23.0,4.1519,9.7971,,3.0,450000000.0,1.22817110749e-19,14.3,12.0,-0.23068,-0.11876,-4.3349,-8.4206,2.9957e-11,-3.4917e-10
23.0,5.2567,13.1452,,3.0,500000000.0,1.9536175352900002e-13,14.2,12.1,-0.26462,-0.11946,-3.7791,-8.3709,2.9077e-08,-4.4104e-07
23.0,6.4217,16.7034,,3.0,550000000.0,5.150387185e-11,14.1,12.2,-0.30172,-0.12073,-3.3143,-8.2824,-4.5489e-06,5.5508e-06
23.0,7.6325,20.4916,,3.0,600000000.0,3.6676055716e-24,14.0,12.3,-0.34268,-0.12241,-2.9182,-8.1694,7.1654e-13,-1.776e-12
23.0,8.8764,24.5395,,3.0,650000000.0,1.423847444e-13,13.9,12.4,-0.38826,-0.12435,-2.5756,-8.0417,-2.237e-07,3.0388e-07
23.0,10.1418,28.8889,,3.0,700000000.0,2.105791706e-21,13.9,12.4,-0.43941,-0.12647,-2.27579,-7.907,-4.0925e-11,-2.0759e-11
23.0,11.4172,33.5987,,3.0,750000000.0,1.8113949281000002e-22,13.8,12.5,-0.4974,-0.12868,-2.0105,-7.771,-1.0042e-11,-8.9609e-12
23.0,12.6891,38.7552,,3.0,800000000.0,1.782510452e-11,13.2,12.5,-0.56401,-0.13091,-1.773,-7.6389,2.1916e-06,-3.6086e-06
23.0,13.9433,44.4851,,3.0,850000000.0,8.069323424e-11,12.0,12.5,-0.64191,-0.13307,-1.5578,-7.5152,4.226e-06,-7.9268e-06
23.0,15.1602,50.9927,,3.0,900000000.0,3.2968512903999997e-10,10.9,12.6,-0.73546,-0.13505,-1.3597,-7.4048,7.7398e-06,-1.6425e-05
23.0,16.3084,58.6404,,3.0,950000000.0,2.94039665e-17,9.9,12.6,-0.8525,-0.1367,-1.173,-7.3153,-5.2591e-09,-1.3213e-09
23.0,18.3123,57.3865,,2.0,1000000000.0,0.9750514932,0.0,0.0,0.0,0.0,0.0,0.0,0.0,0.0
24.0,2.5001,4.8058,,2.0,200000000.0,56.3663616661,0.0,0.0,0.0,0.0,0.0,0.0,0.0,0.0
24.0,2.5001,4.8058,,2.0,250000000.0,11.6864313409,0.0,0.0,0.0,0.0,0.0,0.0,0.0,0.0
24.0,2.5002,4.8058,,2.0,300000000.0,1.8664775684,0.0,0.0,0.0,0.0,0.0,0.0,0.0,0.0
24.0,2.5001,4.8058,,2.0,350000000.0,0.044732970824,0.0,0.0,0.0,0.0,0.0,0.0,0.0,0.0
24.0,3.0863,6.2939,,3.0,400000000.0,4.548693136001202e-13,13.8,11.5,-0.19788,-0.12383,-5.05349,-8.0754,-6.7444e-07,-3.4669e-13
24.0,4.0741,9.4529,,3.0,450000000.0,2.948531160484e-14,13.8,11.6,-0.22946,-0.12326,-4.35799,-8.1128,1.7164e-07,-5.0022e-09
24.0,5.146,12.8046,,3.0,500000000.0,7.87658749e-14,13.7,11.7,-0.26334,-0.12365,-3.7974,-8.0873,-2.605e-07,-1.0443e-07
24.0,6.2812,16.3667,,3.0,550000000.0,4.47236282e-11,13.6,11.8,-0.30029,-0.12468,-3.3301,-8.0206,-3.1832e-06,5.8814e-06
24.0,7.4638,20.1615,,3.0,600000000.0,1.462108052e-08,13.5,11.8,-0.34108,-0.12617,-2.9322,-7.9276,-9.3266e-05,-7.6958e-05
24.0,8.6812,24.2159,,3.0,650000000.0,4.077191852999999e-11,13.4,11.9,-0.38633,-0.12792,-2.5884,-7.8175,3.8157e-06,-5.1198e-06
24.0,9.9208,28.5751,,3.0,700000000.0,3.4486275400000004e-11,13.4,11.9,-0.43721,-0.12988,-2.2873,-7.699,-3.3906e-06,4.7948e-06
24.0,11.1715,33.297,,3.0,750000000.0,1.6168542800000001e-19,13.3,12.0,-0.49488,-0.13196,-2.0207,-7.5778,-3.8762e-10,-1.0694e-10
24.0,12.4201,38.4678,,3.0,800000000.0,1.1845206530000002e-11,13.3,12.0,-0.56116,-0.13406,-1.782,-7.4589,-1.5757e-06,3.0598e-06
24.0,13.6517,44.2142,,3.0,850000000.0,5.09529058e-09,12.1,12.1,-0.6387,-0.13609,-1.5656,-7.3469,6.2574e-05,3.4348e-05
24.0,14.8454,50.7477,,3.0,900000000.0,4.1247508000000003e-22,11.0,12.1,-0.73201,-0.13797,-1.3661,-7.2477,-1.2778e-11,1.5786e-11
24.0,15.9708,58.4313,,3.0,950000000.0,5.3369465189e-20,9.9,12.1,-0.84887,-0.1395,-1.178,-7.1681,4.0783e-11,2.2739e-10
24.0,18.1639,56.6857,,2.0,1000000000.0,0.9655700797,0.0,0.0,0.0,0.0,0.0,0.0,0.0,0.0
22.0,2.5001,4.8058,,2.0,200000000.0,49.14712397,0.0,0.0,0.0,0.0,0.0,0.0,0.0,0.0
22.0,2.5002,4.8058,,2.0,250000000.0,9.857443809999998,0.0,0.0,0.0,0.0,0.0,0.0,0.0,0.0
22.0,2.5003,4.8059,,2.0,300000000.0,1.4170965341,0.0,0.0,0.0,0.0,0.0,0.0,0.0,0.0
22.0,2.5001,4.8058,,2.0,350000000.0,0.019565353376,0.0,0.0,0.0,0.0,0.0,0.0,0.0,0.0
22.0,3.1809,6.9853,,3.0,400000000.0,8.986972940289997e-13,15.0,12.4,-0.20052,-0.11414,-4.9869,-8.76099,9.4767e-07,2.4877e-08
22.0,4.2418,10.1363,,3.0,450000000.0,2.048495156e-21,14.9,12.5,-0.23197,-0.11439,-4.3109,-8.74189,3.266e-11,3.1334e-11
22.0,5.379,13.4817,,3.0,500000000.0,2.3239831621000004e-14,14.8,12.6,-0.266,-0.11539,-3.7593,-8.6663,-1.5109e-07,-2.0289e-08
22.0,6.5743,17.0354,,3.0,550000000.0,1.444630273e-11,14.7,12.7,-0.3033,-0.1169,-3.297,-8.5546,2.7903e-06,-2.5808e-06
22.0,7.8135,20.8176,,3.0,600000000.0,6.071020777e-13,14.6,12.8,-0.34451,-0.11876,-2.9026,-8.4205,-4.7636e-07,6.1659e-07
22.0,9.0846,24.8575,,3.0,650000000.0,1.1932019839999999e-09,14.5,12.8,-0.3904,-0.12087,-2.5615,-8.2738,-2.7728e-05,-2.06e-05
22.0,10.3755,29.1968,,3.0,700000000.0,1.3391543926723998e-21,14.4,12.9,-0.44187,-0.12312,-2.2631,-8.1218,-3.6592e-11,4.2418e-13
22.0,11.675,33.8948,,3.0,750000000.0,3.4407157849999993e-11,14.4,12.9,-0.5002,-0.12546,-1.9992,-7.9705,3.0283e-06,-5.0236e-06
22.0,12.9709,39.0367,,3.0,800000000.0,5.84695376e-10,13.1,13.0,-0.56718,-0.12781,-1.7631,-7.8245,-1.702e-05,-1.7176e-05
22.0,14.2484,44.7476,,3.0,850000000.0,8.6382068e-12,11.9,13.0,-0.64543,-0.13007,-1.5493,-7.688,1.5182e-06,-2.5166e-06
22.0,15.4873,51.231,,3.0,900000000.0,1.169656144e-09,10.8,13.0,-0.7393,-0.13215,-1.3526,-7.5663,3.018e-05,1.6088e-05
22.0,16.6583,58.8456,,3.0,950000000.0,3.446359865000001e-21,9.8,13.1,-0.85661,-0.13393,-1.1674,-7.4665,2.2036e-11,-5.4413e-11
22.0,18.4975,57.8956,,2.0,1000000000.0,0.9851998280000004,0.0,0.0,0.0,0.0,0.0,0.0,0.0,0.0
21.0,2.5002,4.8058,,2.0,200000000.0,45.64981329490001,0.0,0.0,0.0,0.0,0.0,0.0,0.0,0.0
21.0,2.5001,4.8058,,2.0,250000000.0,8.981677812500001,0.0,0.0,0.0,0.0,0.0,0.0,0.0,0.0
21.0,2.5002,4.8058,,2.0,300000000.0,1.2115642501,0.0,0.0,0.0,0.0,0.0,0.0,0.0,0.0
21.0,2.5001,5.012,,2.0,350000000.0,0.017569636349,0.0,0.0,0.0,0.0,0.0,0.0,0.0,0.0
21.0,3.2468,7.3219,,3.0,400000000.0,5.0275577591761e-17,15.6,12.9,-0.20188,-0.10956,-4.9534,-9.1278,-7.0905e-09,-1.9681e-11
21.0,4.3438,10.4706,,3.0,450000000.0,3.5310217967356104e-20,15.5,13.0,-0.23335,-0.11016,-4.2853,-9.0777,1.8791e-10,-2.2331e-13
21.0,5.5136,13.8132,,3.0,500000000.0,7.91719328e-27,15.4,13.1,-0.26754,-0.11143,-3.7376,-8.9745,5.5112e-14,-6.9856e-14
21.0,6.7393,17.3624,,3.0,550000000.0,1.484101361e-15,15.2,13.2,-0.30509,-0.11315,-3.2778,-8.8379,-1.8745e-08,-3.3656e-08
21.0,8.0072,21.1385,,3.0,600000000.0,1.438305082e-09,15.2,13.3,-0.3466,-0.1152,-2.8853,-8.6814,-2.9799e-05,-2.3459e-05
21.0,9.3052,25.1708,,3.0,650000000.0,1.2891203674e-08,15.1,13.4,-0.39283,-0.11747,-2.5459,-8.5146,-9.3685e-05,-6.4143e-05
21.0,10.622,29.4985,,3.0,700000000.0,2.742545825e-23,15.0,13.4,-0.4446,-0.11984,-2.2492,-8.3443,2.9636e-12,4.3177e-12
21.0,11.9465,34.1838,,3.0,750000000.0,2.0331069161e-12,14.3,13.5,-0.5033,-0.1223,-1.9868,-8.1765,6.8819e-07,-1.2488e-06
21.0,13.266,39.312,,3.0,800000000.0,5.88973369e-09,13.0,13.5,-0.57072,-0.12477,-1.7522,-8.0159,-6.1391e-05,-4.6053e-05
21.0,14.5661,45.004,,3.0,850000000.0,3.7486769444e-12,11.8,13.5,-0.64935,-0.12712,-1.54,-7.8662,-9.0712e-07,1.7105e-06
21.0,15.8279,51.4637,,3.0,900000000.0,1.4921179325000003e-10,10.7,13.6,-0.7436,-0.12933,-1.3448,-7.7326,5.3915e-06,-1.0961e-05
21.0,17.0214,59.0447,,3.0,950000000.0,5.133867724099998e-10,9.7,13.6,-0.86121,-0.1312,-1.1612,-7.6221,-2.0912e-05,8.7221e-06
21.0,18.688,58.6204,,2.0,1000000000.0,0.9960747362000002,0.0,0.0,0.0,0.0,0.0,0.0,0.0,0.0
29.0,2.5001,4.8058,,2.0,200000000.0,75.40703911239999,0.0,0.0,0.0,0.0,0.0,0.0,0.0,0.0
29.0,2.5001,4.8058,,2.0,250000000.0,16.6251793041,0.0,0.0,0.0,0.0,0.0,0.0,0.0,0.0
29.0,2.5002,4.8059,,2.0,300000000.0,3.1795481029,0.0,0.0,0.0,0.0,0.0,0.0,0.0,0.0
29.0,2.5001,4.8058,,2.0,350000000.0,0.2273394281,0.0,0.0,0.0,0.0,0.0,0.0,0.0,0.0
29.0,2.5001,7.3431,,2.0,400000000.0,2.562023556e-05,11.6,9.7,-0.36745,-0.23193,-2.6966,-4.3474,0.004476,-0.0023634
29.0,3.8559,7.6484,,3.0,450000000.0,2.244707950761e-12,11.6,9.8,-0.22357,-0.14827,-4.4729,-6.7446,-6.0819e-08,-1.497e-06
29.0,4.7576,11.0332,,3.0,500000000.0,2.83813410949e-21,11.5,9.9,-0.258,-0.14656,-3.8759,-6.8231,-5.3253e-11,1.5007e-12
29.0,5.7415,14.6198,,3.0,550000000.0,1.6847112101000004e-12,11.5,9.9,-0.29481,-0.14602,-3.3919,-6.8482,7.6399e-07,-1.0493e-06
29.0,6.7844,18.4409,,3.0,600000000.0,7.22569892e-14,11.4,10.0,-0.33501,-0.14624,-2.9849,-6.8379,-1.0384e-07,2.4794e-07
29.0,7.8703,22.5306,,3.0,650000000.0,2.67866432e-11,11.4,10.0,-0.3795,-0.14698,-2.635,-6.8036,2.9896e-06,-4.2248e-06
29.0,8.9848,26.9336,,3.0,700000000.0,4.623930194e-11,11.3,10.1,-0.42935,-0.14807,-2.3291,-6.754,3.8665e-06,-5.5937e-06
29.0,10.1149,31.7113,,3.0,750000000.0,1.3405943851600001e-19,11.3,10.1,-0.4859,-0.14934,-2.05799,-6.6957,4.2554e-11,3.6366e-10
29.0,11.2466,36.9524,,3.0,800000000.0,3.2410701440000004e-11,11.2,10.2,-0.55103,-0.15073,-1.8148,-6.6343,3.14e-06,-4.7488e-06
29.0,12.3637,42.7923,,3.0,850000000.0,2.0369527930000001e-19,11.2,10.2,-0.62754,-0.15209,-1.5935,-6.5748,4.1732e-10,1.7187e-10
29.0,13.4441,49.4478,,3.0,900000000.0,6.28732308769e-13,11.2,10.2,-0.71997,-0.1533,-1.3889,-6.5233,-7.9286e-07,1.0263e-08
29.0,14.4545,57.3141,,3.0,950000000.0,1.7175900089e-18,10.2,10.2,-0.83673,-0.15414,-1.1951,-6.4875,-6.1067e-10,1.1596e-09
29.0,17.5054,53.422,,2.0,1000000000.0,0.9262922509000004,0.0,0.0,0.0,0.0,0.0,0.0,0.0,0.0
32.0,2.5001,4.8058,,2.0,200000000.0,87.29114499250001,0.0,0.0,0.0,0.0,0.0,0.0,0.0,0.0
32.0,2.5002,4.8058,,2.0,250000000.0,19.7721622516,0.0,0.0,0.0,0.0,0.0,0.0,0.0,0.0
32.0,2.5001,4.8058,,2.0,300000000.0,4.0694774949,0.0,0.0,0.0,0.0,0.0,0.0,0.0,0.0
32.0,2.5001,4.8058,,2.0,350000000.0,0.4056359138,0.0,0.0,0.0,0.0,0.0,0.0,0.0,0.0
32.0,2.5146,6.3299,,2.0,400000000.0,1.349254696e-19,10.6,8.9,-0.36777,-0.25924,-2.719,-3.8575,-3.067e-10,2.0214e-10
32.0,3.8627,6.4779,,3.0,450000000.0,9.453392419999999e-28,10.6,9.0,-0.21937,-0.16575,-4.5584,-6.0333,-2.7239e-14,1.4261e-14
32.0,4.6461,9.9141,,3.0,500000000.0,5.2374044196e-18,10.5,9.0,-0.25504,-0.16213,-3.921,-6.1679,-2.2479e-09,4.2936e-10
32.0,5.5344,13.5269,,3.0,550000000.0,7.908796685000002e-15,10.5,9.1,-0.29236,-0.16029,-3.4204,-6.2385,3.9443e-08,7.9706e-08
32.0,6.4927,17.3675,,3.0,600000000.0,2.12231546e-11,10.4,9.1,-0.33268,-0.15953,-3.0058,-6.2683,2.5664e-06,-3.8258e-06
32.0,7.4997,21.4782,,3.0,650000000.0,1.2275041929999998e-11,10.4,9.2,-0.37709,-0.15947,-2.6518,-6.2706,-2.2432e-06,2.6913e-06
32.0,8.5399,25.9059,,3.0,700000000.0,9.650106245000001e-15,10.4,9.2,-0.42671,-0.15988,-2.3435,-6.2544,-3.9857e-08,8.9786e-08
32.0,9.5988,30.7152,,3.0,750000000.0,2.3326014148999995e-12,10.3,9.3,-0.48297,-0.1606,-2.0705,-6.2269,-8.3057e-07,1.2817e-06
32.0,10.6615,35.9971,,3.0,800000000.0,5.266386205e-11,10.3,9.3,-0.54778,-0.16145,-1.8255,-6.1936,-3.6014e-06,6.3003e-06
32.0,11.7106,41.891,,3.0,850000000.0,1.9883337050000006e-21,10.3,9.3,-0.62404,-0.16232,-1.6024,-6.1603,-4.1476e-11,-1.6373e-11
32.0,12.7229,48.6228,,3.0,900000000.0,1.3999707621e-26,10.2,9.3,-0.71648,-0.16305,-1.3957,-6.1329,-1.1253e-13,3.6561e-14
32.0,13.6631,56.608,,3.0,950000000.0,4.214802986000001e-21,10.2,9.4,-0.83389,-0.16341,-1.1992,-6.1198,-5.7319e-11,-3.0485e-11
32.0,17.2845,51.2824,,2.0,1000000000.0,0.9077787865000002,0.0,0.0,0.0,0.0,0.0,0.0,0.0,0.0
30.0,2.5001,4.8058,,2.0,200000000.0,79.34265653000003,0.0,0.0,0.0,0.0,0.0,0.0,0.0,0.0
30.0,2.5001,4.8058,,2.0,250000000.0,17.662755370000003,0.0,0.0,0.0,0.0,0.0,0.0,0.0,0.0
30.0,2.5003,4.8059,,2.0,300000000.0,3.469301293600001,0.0,0.0,0.0,0.0,0.0,0.0,0.0,0.0
30.0,2.5001,4.8058,,2.0,350000000.0,0.2817701746,0.0,0.0,0.0,0.0,0.0,0.0,0.0,0.0
30.0,2.5001,6.9954,,2.0,400000000.0,2.016899361e-05,11.3,9.4,-0.3666,-0.24083,-2.7044,-4.1758,0.0041769,-0.00165
30.0,3.8455,7.2683,,3.0,450000000.0,1.99806056e-22,11.2,9.5,-0.22228,-0.15384,-4.4985,-6.5002,-1.4134e-11,1.9e-13
30.0,4.71,10.6662,,3.0,500000000.0,4.3289033440841e-15,11.2,9.6,-0.25706,-0.15157,-3.8903,-6.5975,-6.5792e-08,5.6221e-10
30.0,5.6628,14.2597,,3.0,550000000.0,1.531220612e-25,11.1,9.6,-0.29398,-0.15064,-3.4016,-6.6383,3.6014e-13,-1.5304e-13
30.0,6.6779,18.0866,,3.0,600000000.0,3.630865085e-11,11.1,9.7,-0.33416,-0.15056,-2.9924,-6.6419,5.3998e-06,-2.6741e-06
30.0,7.7375,22.183,,3.0,650000000.0,2.5413240182500004e-21,11.0,9.8,-0.3786,-0.15105,-2.6413,-6.6204,-9.3015e-12,4.9546e-11
30.0,8.8271,26.5967,,3.0,700000000.0,2.3806267421e-08,11.0,9.8,-0.42842,-0.15194,-2.33449,-6.5829,-0.00014209,-6.0139e-05
30.0,9.9337,31.3826,,3.0,750000000.0,5.7897192490000007e-11,11.0,9.8,-0.48476,-0.15302,-2.0629,-6.5349,4.2025e-06,-6.3432e-06
30.0,11.0423,36.6378,,3.0,800000000.0,8.163141409999999e-22,10.9,9.9,-0.54976,-0.15425,-1.819,-6.4833,-2.4421e-11,1.483e-11
30.0,12.1365,42.4951,,3.0,850000000.0,1.4064712616e-10,10.9,9.9,-0.62614,-0.15544,-1.5971,-6.433,9.4046e-06,7.225e-06
30.0,13.1943,49.1761,,3.0,900000000.0,1.1417275668999999e-10,10.8,9.9,-0.71855,-0.1565,-1.3917,-6.3898,-4.4295e-06,9.7238e-06
30.0,14.1814,57.0815,,3.0,950000000.0,3.6913575584000004e-10,10.2,9.9,-0.83547,-0.15717,-1.1969,-6.3619,-6.5828e-06,1.805e-05
30.0,17.4151,52.7545,,2.0,1000000000.0,0.919806793,0.0,0.0,0.0,0.0,0.0,0.0,0.0,0.0
31.0,2.5001,4.8058,,2.0,200000000.0,83.30519929089999,0.0,0.0,0.0,0.0,0.0,0.0,0.0,0.0
31.0,2.5002,4.8058,,2.0,250000000.0,18.7125860441,0.0,0.0,0.0,0.0,0.0,0.0,0.0,0.0
31.0,2.5002,4.8058,,2.0,300000000.0,3.7661858984,0.0,0.0,0.0,0.0,0.0,0.0,0.0,0.0
31.0,2.5001,4.8058,,2.0,350000000.0,0.3412850405,0.0,0.0,0.0,0.0,0.0,0.0,0.0,0.0
31.0,2.5001,6.6733,,2.0,400000000.0,3.876445913600001e-06,10.9,9.1,-0.36767,-0.24983,-2.71,-4.01499,0.0017452,-0.00091144
31.0,3.8477,6.8784,,3.0,450000000.0,1.1276953925e-16,10.9,9.2,-0.2209,-0.15966,-4.5268,-6.2633,-6.9394e-09,8.0383e-09
31.0,4.6732,10.2928,,3.0,500000000.0,1.7865161923999997e-18,10.8,9.3,-0.25606,-0.15676,-3.9054,-6.379,-1.0979e-09,7.6232e-10
31.0,5.5938,13.8956,,3.0,550000000.0,3.877450318312401e-19,10.8,9.4,-0.29316,-0.1554,-3.411,-6.4351,6.2269e-10,1.4818e-12
31.0,6.5807,17.7289,,3.0,600000000.0,3.63474005e-11,10.8,9.4,-0.3334,-0.15498,-2.9994,-6.4521,-4.3001e-06,4.2257e-06
31.0,7.6145,21.8319,,3.0,650000000.0,8.24944354e-10,10.7,9.5,-0.3778,-0.15523,-2.647,-6.4427,-1.7105e-05,-2.3073e-05
31.0,8.6793,26.2525,,3.0,700000000.0,8.804674345e-09,10.7,9.5,-0.4275,-0.15588,-2.3394,-6.4162,-7.4612e-05,-5.6901e-05
31.0,9.7617,31.0504,,3.0,750000000.0,7.390563165000004e-13,10.6,9.5,-0.48378,-0.15677,-2.067,-6.3787,-4.6338e-07,7.2411e-07
31.0,10.8475,36.319,,3.0,800000000.0,1.293996325e-21,10.6,9.6,-0.54867,-0.15782,-1.8226,-6.3364,1.5185e-11,-3.261e-11
31.0,11.9191,42.1943,,3.0,850000000.0,1.6796728188999998e-10,10.6,9.6,-0.62498,-0.15885,-1.6,-6.2948,-5.6517e-06,1.1663e-05
31.0,12.9543,48.9007,,3.0,900000000.0,1.8863473969000005e-22,10.5,9.6,-0.71737,-0.15975,-1.394,-6.2597,8.0913e-12,-1.1098e-11
31.0,13.9177,56.8459,,3.0,950000000.0,4.9962204260000005e-11,10.3,9.7,-0.83451,-0.16027,-1.19829,-6.2393,-2.5549e-06,6.5905e-06
31.0,17.315,52.0943,,2.0,1000000000.0,0.913635221,0.0,0.0,0.0,0.0,0.0,0.0,0.0,0.0
19.0,2.5002,4.8058,,2.0,200000000.0,38.8994239364,0.0,0.0,0.0,0.0,0.0,0.0,0.0,0.0
19.0,2.5003,4.8059,,2.0,250000000.0,7.3175597125,0.0,0.0,0.0,0.0,0.0,0.0,0.0,0.0
19.0,2.5001,4.8058,,2.0,300000000.0,0.8424413869,0.0,0.0,0.0,0.0,0.0,0.0,0.0,0.0
19.0,2.5001,5.9035,,2.0,350000000.0,0.013017170233,0.0,0.0,0.0,0.0,0.0,0.0,0.0,0.0
19.0,3.4187,7.9776,,3.0,400000000.0,4.726327008400001e-12,17.0,14.0,-0.20476,-0.10086,-4.8836,-9.9151,-5.2728e-07,-2.1091e-06
19.0,4.5875,11.1229,,3.0,450000000.0,9.844599355600002e-16,16.9,14.2,-0.23646,-0.10208,-4.22879,-9.7962,3.1374e-08,3.634e-10
19.0,5.8234,14.4592,,3.0,500000000.0,4.8005683641e-12,16.7,14.3,-0.27112,-0.10383,-3.6885,-9.63139,5.5179e-07,-2.1204e-06
19.0,7.1102,17.9984,,3.0,550000000.0,1.8205672104e-08,16.6,14.4,-0.30923,-0.10588,-3.2338,-9.4392,-1.0098e-05,0.00013455
19.0,8.4363,21.7598,,3.0,600000000.0,9.865104901e-11,16.5,14.5,-0.35141,-0.1083,-2.8457,-9.2333,-9.7105e-06,-2.0874e-06
19.0,9.7889,25.7735,,3.0,650000000.0,6.143224601e-11,16.4,14.6,-0.39833,-0.11084,-2.5104,-9.022,7.2965e-06,2.8624e-06
19.0,11.158,30.0804,,3.0,700000000.0,1.7570037370000003e-09,15.4,14.6,-0.45095,-0.11347,-2.21749,-8.81209,3.3504e-05,2.5189e-05
19.0,12.5318,34.7412,,3.0,750000000.0,2.718985636e-11,14.0,14.7,-0.51053,-0.11615,-1.9587,-8.609,-2.528e-06,4.5606e-06
19.0,13.899,39.8372,,3.0,800000000.0,8.7957621e-12,12.8,14.7,-0.57877,-0.11881,-1.7278,-8.41649,-1.7697e-06,2.3799e-06
19.0,15.245,45.4947,,3.0,850000000.0,5.89817061e-11,11.6,14.8,-0.65835,-0.12138,-1.5189,-8.2386,-7.5393e-06,-1.4631e-06
19.0,16.5517,51.908,,3.0,900000000.0,4.57850728e-12,10.5,14.8,-0.7535,-0.12377,-1.3271,-8.0795,9.522e-07,-1.9162e-06
19.0,17.7902,59.4216,,3.0,950000000.0,2.1410316650000003e-17,9.5,14.8,-0.87183,-0.12585,-1.147,-7.9461,-4.1464e-09,-2.0537e-09
19.0,19.1335,59.6296,,2.0,1000000000.0,1.0201452538,0.0,0.0,0.0,0.0,0.0,0.0,0.0,0.0
18.0,2.5001,4.8058,,2.0,200000000.0,35.66042247560001,0.0,0.0,0.0,0.0,0.0,0.0,0.0,0.0
18.0,2.5002,4.8058,,2.0,250000000.0,6.5319365869,0.0,0.0,0.0,0.0,0.0,0.0,0.0,0.0
18.0,2.5001,4.8058,,2.0,300000000.0,0.6804664477,0.0,0.0,0.0,0.0,0.0,0.0,0.0,0.0
18.0,2.5001,6.3853,,2.0,350000000.0,0.009598673242,0.0,0.0,0.0,0.0,0.0,0.0,0.0,0.0
18.0,3.5258,8.2963,,3.0,400000000.0,1.2163050709320999e-13,17.8,14.7,-0.20634,-0.09673,-4.84619,-10.339,3.4863e-07,-9.3611e-09
18.0,4.7305,11.4403,,3.0,450000000.0,7.95614209e-16,17.6,14.8,-0.23826,-0.09822,-4.1971,-10.18099,-2.3553e-08,-1.552e-08
18.0,5.9996,14.7731,,3.0,500000000.0,2.63691257e-12,17.5,15.0,-0.27317,-0.10018,-3.6605,-9.98199,-5.324e-07,1.5341e-06
18.0,7.3181,18.3065,,3.0,550000000.0,3.729130586900001e-12,17.4,15.1,-0.31165,-0.10246,-3.2087,-9.7593,-1.8437e-06,-5.7437e-07
18.0,8.6732,22.0601,,3.0,600000000.0,1.1847536402e-10,17.2,15.2,-0.35421,-0.10497,-2.8231,-9.52549,-7.1371e-06,8.2181e-06
18.0,10.0537,26.0646,,3.0,650000000.0,1.649101952e-09,16.9,15.2,-0.4016,-0.10765,-2.4901,-9.2901,-3.5464e-05,-1.9784e-05
18.0,11.4487,30.36,,3.0,700000000.0,7.234568225000001e-13,15.3,15.3,-0.45464,-0.11039,-2.1995,-9.0585,-6.6961e-07,-5.2448e-07
18.0,12.8478,35.0074,,3.0,750000000.0,4.5451728970000006e-11,13.9,15.3,-0.51466,-0.11317,-1.943,-8.836,3.7896e-06,-5.5759e-06
18.0,14.2386,40.0886,,3.0,800000000.0,2.132911625000001e-13,12.6,15.4,-0.5834,-0.11592,-1.7141,-8.6264,2.3932e-07,-3.9499e-07
18.0,15.6078,45.7278,,3.0,850000000.0,7.595607665000001e-11,11.5,15.4,-0.66349,-0.11857,-1.5072,-8.43319,-8.4328e-06,-2.2009e-06
18.0,16.9363,52.1184,,3.0,900000000.0,1.5810535229e-12,10.4,15.5,-0.75915,-0.12105,-1.3172,-8.2607,-5.8027e-07,1.1155e-06
18.0,18.1969,59.6008,,3.0,950000000.0,3.330679869055999e-22,9.5,15.5,-0.87796,-0.12323,-1.139,-8.115,1.8238e-11,6.6584e-13
18.0,19.3518,59.9398,,2.0,1000000000.0,1.0335095173000002,0.0,0.0,0.0,0.0,0.0,0.0,0.0,0.0
20.0,2.5001,4.8058,,2.0,200000000.0,42.23049547840001,0.0,0.0,0.0,0.0,0.0,0.0,0.0,0.0
20.0,2.5001,4.8058,,2.0,250000000.0,8.1346214016,0.0,0.0,0.0,0.0,0.0,0.0,0.0,0.0
20.0,2.5001,4.8058,,2.0,300000000.0,1.0197270106,0.0,0.0,0.0,0.0,0.0,0.0,0.0,0.0
20.0,2.5001,5.4488,,2.0,350000000.0,0.015750756461,0.0,0.0,0.0,0.0,0.0,0.0,0.0,0.0
20.0,3.3261,7.6526,,3.0,400000000.0,2.8366305691921004e-13,16.3,13.5,-0.20328,-0.10513,-4.9192,-9.5119,5.3259e-07,3.3089e-09
20.0,4.459,10.7992,,3.0,450000000.0,4.230154404160001e-13,16.1,13.6,-0.23484,-0.10606,-4.2582,-9.42869,1.1196e-08,-6.503e-07
20.0,5.6616,14.139,,3.0,500000000.0,1.08112996616e-11,16.0,13.7,-0.26923,-0.10758,-3.7142,-9.2959,6.7654e-07,-3.2177e-06
20.0,6.918,17.6834,,3.0,550000000.0,8.098476339999999e-22,15.9,13.8,-0.30705,-0.1095,-3.2568,-9.1326,2.2365e-11,1.7597e-11
20.0,8.2145,21.4542,,3.0,600000000.0,3.0773178e-08,15.8,13.9,-0.34895,-0.11172,-2.8663,-8.9526,-0.00016704,-5.358e-05
20.0,9.5398,25.4748,,3.0,650000000.0,4.938580597e-11,15.7,13.9,-0.39541,-0.11411,-2.529,-8.7636,3.8169e-06,-5.9006e-06
20.0,10.8826,29.7936,,3.0,700000000.0,2.4620389921e-10,15.6,14.0,-0.44764,-0.11662,-2.234,-8.57429,-8.5911e-06,1.313e-05
20.0,12.2317,34.4662,,3.0,750000000.0,1.8194810164e-10,14.2,14.0,-0.50674,-0.1192,-1.9734,-8.3892,1.0454e-05,-8.5242e-06
20.0,13.5751,39.5781,,3.0,800000000.0,4.392865297000001e-21,12.9,14.1,-0.57453,-0.12176,-1.7405,-8.21299,3.4689e-11,-5.6476e-11
20.0,14.8984,45.2532,,3.0,850000000.0,2.2748382325e-10,11.7,14.1,-0.65364,-0.12423,-1.5299,-8.0496,-1.4381e-05,-4.5465e-06
20.0,16.1824,51.6897,,3.0,900000000.0,2.0883969e-10,10.6,14.2,-0.74832,-0.12652,-1.3363,-7.9036,1.0329e-05,1.0107e-05
20.0,17.3984,59.2367,,3.0,950000000.0,4.7695733779999996e-23,9.6,14.2,-0.86625,-0.1285,-1.1544,-7.7818,5.1773e-12,4.5707e-12
20.0,18.9296,59.0143,,2.0,1000000000.0,1.0077047578,0.0,0.0,0.0,0.0,0.0,0.0,0.0,0.0
17.0,2.5001,4.8058,,2.0,200000000.0,32.5225185669,0.0,0.0,0.0,0.0,0.0,0.0,0.0,0.0
17.0,2.5002,4.8058,,2.0,250000000.0,5.780789224399999,0.0,0.0,0.0,0.0,0.0,0.0,0.0,0.0
17.0,2.5001,4.8058,,2.0,300000000.0,0.5346408862209999,0.0,0.0,0.0,0.0,0.0,0.0,0.0,0.0
17.0,2.5001,5.6259,,3.0,350000000.0,3.432321509e-05,18.9,15.2,-0.17667,-0.09327,-5.6086,-10.921,0.0041503,-0.004135
17.0,3.6474,8.6092,,3.0,400000000.0,6.2182510325e-14,18.7,15.4,-0.20807,-0.09273,-4.806,-10.784,-4.5865e-08,-2.4511e-07
17.0,4.8887,11.7515,,3.0,450000000.0,2.9619594260099997e-15,18.5,15.6,-0.24024,-0.09447,-4.1626,-10.585,-5.4408e-08,-1.3149e-09
17.0,6.1915,15.0802,,3.0,500000000.0,1.149897122e-26,18.3,15.7,-0.2755,-0.09663,-3.6297,-10.349,9.4556e-14,-5.0578e-14
17.0,7.5416,18.6069,,3.0,550000000.0,2.7816195600000013e-13,18.2,15.8,-0.31434,-0.09908,-3.1812,-10.093,3.2034e-07,-4.1898e-07
17.0,8.9263,22.3522,,3.0,600000000.0,8.17283912e-10,18.1,15.9,-0.35731,-0.10172,-2.7985,-9.8298,2.2486e-05,1.7654e-05
17.0,10.3346,26.3479,,3.0,650000000.0,1.5696035463999998e-08,16.7,16.0,-0.4052,-0.10454,-2.4681,-9.5685,-0.00010473,-6.8758e-05
17.0,11.756,30.6311,,3.0,700000000.0,2.005234849e-11,15.1,16.1,-0.4587,-0.10737,-2.1801,-9.3137,2.3255e-06,-3.8268e-06
17.0,13.1797,35.2641,,3.0,750000000.0,5.02827257e-09,13.7,16.1,-0.51918,-0.11023,-1.926,-9.0708,6.1469e-05,3.5353e-05
17.0,14.5946,40.3314,,3.0,800000000.0,9.70545969e-12,12.5,16.2,-0.58848,-0.11308,-1.6993,-8.8432,-2.0412e-06,2.3535e-06
17.0,15.9863,45.9525,,3.0,850000000.0,4.424713858e-11,11.4,16.2,-0.66911,-0.11582,-1.4945,-8.6341,-5.5243e-06,-3.7053e-06
17.0,17.3373,52.3203,,3.0,900000000.0,1.475399309e-11,10.3,16.2,-0.76533,-0.11837,-1.3066,-8.4472,-1.679e-06,3.4547e-06
17.0,18.6198,59.7718,,3.0,950000000.0,1.9325127509e-22,9.4,16.0,-0.88467,-0.12064,-1.1304,-8.2888,1.3195e-11,4.3753e-12
17.0,19.6354,59.9048,,2.0,1000000000.0,1.0481699149,0.0,0.0,0.0,0.0,0.0,0.0,0.0,0.0
28.0,2.5001,4.8058,,2.0,200000000.0,71.50909924999998,0.0,0.0,0.0,0.0,0.0,0.0,0.0,0.0
28.0,2.5001,4.8058,,2.0,250000000.0,15.6030444404,0.0,0.0,0.0,0.0,0.0,0.0,0.0,0.0
28.0,2.5001,4.8058,,2.0,300000000.0,2.89785537,0.0,0.0,0.0,0.0,0.0,0.0,0.0,0.0
28.0,2.5001,4.8058,,2.0,350000000.0,0.178547023481,0.0,0.0,0.0,0.0,0.0,0.0,0.0,0.0
28.0,3.0517,4.8137,,3.0,400000000.0,1.4604946262809998e-24,12.0,10.0,-0.19193,-0.1458,-5.2101,-6.8588,-1.2065e-12,6.9659e-14
28.0,3.8768,8.0221,,3.0,450000000.0,1.582507990225e-16,12.0,10.1,-0.2248,-0.1429,-4.4485,-6.9981,-1.2579e-08,-1.3985e-10
28.0,4.8144,11.3965,,3.0,500000000.0,5.906503041444e-14,11.9,10.2,-0.25898,-0.1417,-3.8612,-7.0574,-2.43e-07,4.0038e-09
28.0,5.829,14.977,,3.0,550000000.0,1.3075828168999998e-12,11.8,10.3,-0.29574,-0.14152,-3.3813,-7.066,1.7387e-07,-1.1302e-06
28.0,6.9,18.7924,,3.0,600000000.0,2.0019681064e-12,11.8,10.3,-0.33596,-0.14203,-2.9765,-7.0408,1.3647e-06,3.7358e-07
28.0,8.012,22.8753,,3.0,650000000.0,1.5139021300000003e-11,11.7,10.4,-0.38055,-0.14299,-2.6277,-6.9931,-2.5827e-06,2.9101e-06
28.0,9.1513,27.2702,,3.0,700000000.0,2.1905401057248995e-11,11.7,10.4,-0.43055,-0.14427,-2.3226,-6.9312,-4.6798e-06,6.9807e-08
28.0,10.3051,32.0385,,3.0,750000000.0,4.640074387999999e-09,11.6,10.5,-0.4873,-0.14574,-2.0522,-6.8618,-6.4252e-05,-2.2622e-05
28.0,11.4602,37.2646,,3.0,800000000.0,6.666443920000001e-10,11.6,10.5,-0.55257,-0.14727,-1.8097,-6.7897,-1.3274e-05,2.2146e-05
28.0,12.5999,43.086,,3.0,850000000.0,4.1714547699999997e-22,11.6,10.5,-0.62921,-0.14878,-1.5893,-6.7208,1.3146e-11,-1.5631e-11
28.0,13.7034,49.7162,,3.0,900000000.0,1.3171890770000002e-11,11.2,10.6,-0.72172,-0.15014,-1.3856,-6.6604,1.5049e-06,-3.3026e-06
28.0,14.7368,57.5447,,3.0,950000000.0,1.116605565e-17,10.2,10.6,-0.8384,-0.15113,-1.1928,-6.6166,-2.1813e-09,-2.5314e-09
28.0,17.599,54.1421,,2.0,1000000000.0,0.9331912033,0.0,0.0,0.0,0.0,0.0,0.0,0.0,0.0
26.0,2.5001,4.8058,,2.0,200000000.0,63.8358676169,0.0,0.0,0.0,0.0,0.0,0.0,0.0,0.0
26.0,2.5001,4.8058,,2.0,250000000.0,13.606356868900004,0.0,0.0,0.0,0.0,0.0,0.0,0.0,0.0
26.0,2.5003,4.8059,,2.0,300000000.0,2.362176770900001,0.0,0.0,0.0,0.0,0.0,0.0,0.0,0.0
26.0,2.5001,4.8057,,2.0,350000000.0,0.0986447188,0.0,0.0,0.0,0.0,0.0,0.0,0.0,0.0
26.0,3.0427,5.5727,,3.0,400000000.0,8.49200689e-14,12.9,10.7,-0.19509,-0.13433,-5.1257,-7.4443,1.2945e-07,2.6108e-07
26.0,3.9533,8.7487,,3.0,450000000.0,3.35436986e-10,12.8,10.8,-0.22713,-0.13273,-4.4029,-7.5336,-1.1845e-05,1.3969e-05
26.0,4.959,12.1092,,3.0,500000000.0,2.142343010000001e-12,12.7,10.9,-0.26104,-0.13241,-3.8308,-7.5525,-2.26e-08,1.4635e-06
26.0,6.0341,15.6795,,3.0,550000000.0,2.429327018e-17,12.7,11.0,-0.2978,-0.13288,-3.3579,-7.5256,-1.1603e-09,4.7903e-09
26.0,7.161,19.484,,3.0,600000000.0,4.054321694961e-22,12.6,11.0,-0.33821,-0.1339,-2.9567,-7.4684,-5.7969e-13,2.0127e-11
26.0,8.3252,23.554,,3.0,650000000.0,7.479979249999999e-12,12.5,11.1,-0.3831,-0.13529,-2.6103,-7.3914,1.5058e-06,-2.2831e-06
26.0,9.5144,27.9312,,3.0,700000000.0,3.0258280000000007e-10,12.5,11.1,-0.43345,-0.13694,-2.307,-7.3028,9.444e-06,-1.4608e-05
26.0,10.7167,32.6764,,3.0,750000000.0,9.77778265e-12,12.4,11.2,-0.4906,-0.13872,-2.0383,-7.2087,1.5397e-06,-2.7216e-06
26.0,11.9182,37.8757,,3.0,800000000.0,1.2341345185e-10,12.4,11.2,-0.55632,-0.14056,-1.7975,-7.1145,-9.6047e-06,5.5824e-06
26.0,13.1037,43.6605,,3.0,850000000.0,4.72035589e-24,12.2,11.2,-0.63337,-0.14235,-1.5788,-7.0251,1.427e-12,-1.6383e-12
26.0,14.2522,50.2413,,3.0,900000000.0,1.6316282596e-14,11.1,11.3,-0.72617,-0.14396,-1.3771,-6.9461,-5.2936e-08,1.1625e-07
26.0,15.3319,57.9958,,3.0,950000000.0,6.426232690000001e-26,10.0,11.3,-0.84282,-0.14524,-1.1865,-6.8851,1.6662e-13,-1.9105e-13
26.0,17.8408,55.6089,,2.0,1000000000.0,0.9483336865,0.0,0.0,0.0,0.0,0.0,0.0,0.0,0.0
27.0,2.5001,4.8058,,2.0,200000000.0,67.6491342349,0.0,0.0,0.0,0.0,0.0,0.0,0.0,0.0
27.0,2.5002,4.8058,,2.0,250000000.0,14.5964528249,0.0,0.0,0.0,0.0,0.0,0.0,0.0,0.0
27.0,2.5003,4.8059,,2.0,300000000.0,2.6256105209000005,0.0,0.0,0.0,0.0,0.0,0.0,0.0,0.0
27.0,2.5001,4.8058,,2.0,350000000.0,0.135528581329,0.0,0.0,0.0,0.0,0.0,0.0,0.0,0.0
27.0,3.0401,5.1989,,3.0,400000000.0,3.7927548500000006e-20,12.4,10.3,-0.19358,-0.13993,-5.1656,-7.1466,1.5461e-10,-1.1842e-10
27.0,3.9093,8.3887,,3.0,450000000.0,2.85410255129e-15,12.4,10.4,-0.22597,-0.13772,-4.4252,-7.2609,-9.1523e-09,5.2634e-08
27.0,4.8813,11.7552,,3.0,500000000.0,1.3459359690031442e-13,12.3,10.5,-0.26,-0.13698,-3.8461,-7.3004,-3.6687e-07,5.6075e-13
27.0,5.9262,15.3305,,3.0,550000000.0,5.9214125204e-12,12.2,10.6,-0.29674,-0.13714,-3.37,-7.2918,5.1902e-07,-2.3774e-06
27.0,7.0253,19.1403,,3.0,600000000.0,3.56821589e-12,12.2,10.7,-0.33703,-0.13791,-2.967,-7.251,1.3945e-06,-1.2742e-06
27.0,8.1633,23.2168,,3.0,650000000.0,5.680184922000001e-11,12.1,10.7,-0.38175,-0.1391,-2.6195,-7.189,4.1031e-06,-6.3219e-06
27.0,9.3276,27.6031,,3.0,700000000.0,1.3398044680000002e-10,12.1,10.8,-0.43192,-0.14057,-2.3152,-7.1142,-7.3482e-06,-8.9434e-06
27.0,10.5056,32.359,,3.0,750000000.0,1.80096272e-11,12.0,10.8,-0.48882,-0.1422,-2.0457,-7.0326,2.2732e-06,-3.5836e-06
27.0,11.6836,37.573,,3.0,800000000.0,1.8290479684000006e-10,12.0,10.8,-0.55433,-0.14388,-1.804,-6.9498,-6.8178e-06,1.168e-05
27.0,12.8465,43.3754,,3.0,850000000.0,1.142058132e-09,11.9,10.9,-0.63115,-0.14555,-1.5844,-6.8709,1.6386e-05,-2.9556e-05
27.0,13.9722,49.9813,,3.0,900000000.0,1.2527888199999998e-13,11.2,10.9,-0.7238,-0.14703,-1.3816,-6.8014,-1.3884e-07,3.2558e-07
27.0,15.0292,57.7722,,3.0,950000000.0,4.41509306e-18,10.1,10.9,-0.84043,-0.14816,-1.1899,-6.7491,-1.9145e-09,-8.659e-10
27.0,17.7714,54.7015,,2.0,1000000000.0,0.9405584361,0.0,0.0,0.0,0.0,0.0,0.0,0.0,0.0
25.0,2.5001,4.8058,,2.0,200000000.0,60.0734915325,0.0,0.0,0.0,0.0,0.0,0.0,0.0,0.0
25.0,2.5001,4.8058,,2.0,250000000.0,12.636011082400003,0.0,0.0,0.0,0.0,0.0,0.0,0.0,0.0
25.0,2.5002,4.8058,,2.0,300000000.0,2.108902900000001,0.0,0.0,0.0,0.0,0.0,0.0,0.0,0.0
25.0,2.5001,4.8057,,2.0,350000000.0,0.06826579242481,0.0,0.0,0.0,0.0,0.0,0.0,0.0,0.0
25.0,3.0584,5.937,,3.0,400000000.0,4.76518573e-14,13.3,11.1,-0.19651,-0.12898,-5.0888,-7.7533,1.3942e-07,1.6797e-07
25.0,4.0082,9.1031,,3.0,450000000.0,6.848722488490001e-23,13.3,11.2,-0.22826,-0.12792,-4.3807,-7.8172,-8.2674e-12,3.7057e-13
25.0,5.0471,12.4589,,3.0,500000000.0,7.399853770000002e-13,13.2,11.3,-0.26214,-0.12797,-3.8147,-7.8145,1.1671e-07,-8.5227e-07
25.0,6.1524,16.025,,3.0,550000000.0,1.089681865e-11,13.1,11.4,-0.29898,-0.12872,-3.3447,-7.7684,-1.2028e-06,3.0741e-06
25.0,7.3068,19.8251,,3.0,600000000.0,3.402370449e-09,13.0,11.4,-0.33956,-0.12999,-2.9451,-7.6938,-4.356e-05,-3.8793e-05
25.0,8.4975,23.8873,,3.0,650000000.0,2.5863995204000002e-12,13.0,11.5,-0.38463,-0.13156,-2.5999,-7.6008,-9.5048e-07,1.2973e-06
25.0,9.7123,28.2554,,3.0,700000000.0,5.264746378000001e-11,12.9,11.5,-0.43521,-0.13338,-2.29769,-7.4976,4.8667e-06,-5.3817e-06
25.0,10.9384,32.9893,,3.0,750000000.0,8.436419218e-11,12.9,11.6,-0.49261,-0.1353,-2.02999,-7.3903,-4.8513e-06,7.7993e-06
25.0,12.1635,38.1727,,3.0,800000000.0,8.195222565e-09,12.8,11.6,-0.55853,-0.13727,-1.7903,-7.2839,7.9098e-05,4.4031e-05
25.0,13.372,43.9409,,3.0,850000000.0,3.568541773e-11,12.2,11.6,-0.63589,-0.13921,-1.5726,-7.1838,2.7907e-06,-5.2818e-06
25.0,14.5432,50.4973,,3.0,900000000.0,2.534397748e-11,11.0,11.7,-0.72891,-0.14094,-1.3719,-7.0948,-2.1978e-06,4.5292e-06
25.0,15.6458,58.2161,,3.0,950000000.0,1.8234340001e-22,10.0,11.7,-0.84563,-0.14235,-1.1825,-7.0246,2.5001e-12,1.327e-11
25.0,18.005,56.0757,,2.0,1000000000.0,0.9566632917,0.0,0.0,0.0,0.0,0.0,0.0,0.0,0.0
39.0,2.501,4.8062,,2.0,200000000.0,115.46792661290002,0.0,0.0,0.0,0.0,0.0,0.0,0.0,0.0
39.0,2.5001,4.8058,,2.0,250000000.0,27.3654564616,0.0,0.0,0.0,0.0,0.0,0.0,0.0,0.0
39.0,2.5003,4.8059,,2.0,300000000.0,6.333011035599999,0.0,0.0,0.0,0.0,0.0,0.0,0.0,0.0
39.0,2.5001,4.8058,,2.0,350000000.0,0.9670532489,0.0,0.0,0.0,0.0,0.0,0.0,0.0,0.0
39.0,2.5001,4.8057,,2.0,400000000.0,0.00493883007316,0.0,0.0,0.0,0.0,0.0,0.0,0.0,0.0
39.0,3.0997,8.2868,,2.0,450000000.0,9.162423317e-13,8.7,7.5,-0.45028,-0.31933,-2.2208,-3.1317,-8.8754e-07,3.5849e-07
39.0,4.7665,7.022,,3.0,500000000.0,4.1085315664000005e-26,8.7,7.5,-0.24504,-0.20626,-4.081,-4.84849,1.8284e-13,-8.7492e-14
39.0,5.3666,10.8169,,3.0,550000000.0,2.7761624491600003e-19,8.7,7.6,-0.28632,-0.19912,-3.4924,-5.0221,2.0604e-11,5.2649e-10
39.0,6.1026,14.7539,,3.0,600000000.0,9.422055785599998e-12,8.7,7.6,-0.32875,-0.19486,-3.0419,-5.1317,3.0362e-06,-4.5116e-07
39.0,6.9177,18.9334,,3.0,650000000.0,5.586976781000001e-21,8.7,7.7,-0.37429,-0.19221,-2.6717,-5.2028,5.0435e-11,5.5166e-11
39.0,7.7822,23.4271,,3.0,700000000.0,1.6336562930000003e-21,8.6,7.7,-0.42454,-0.19052,-2.3555,-5.2486,1.0342e-11,3.9073e-11
39.0,8.6747,28.3125,,3.0,750000000.0,1.5010069381000003e-10,8.6,7.7,-0.4812,-0.18946,-2.07819,-5.278,-5.9441e-06,1.0713e-05
39.0,9.5764,33.6914,,3.0,800000000.0,5.893403625e-21,8.6,7.8,-0.54642,-0.18876,-1.8301,-5.2977,6.054e-11,4.7205e-11
39.0,10.4674,39.7156,,3.0,850000000.0,1.5435053321e-10,8.6,7.8,-0.62337,-0.1882,-1.6042,-5.3135,-5.1061e-06,1.1326e-05
39.0,11.3205,46.636,,3.0,900000000.0,2.4915327581000007e-22,8.6,7.8,-0.71731,-0.18754,-1.3941,-5.3322,-1.4987e-11,-4.9541e-12
39.0,12.094,54.9256,,3.0,950000000.0,1.3983712428999998e-10,8.5,7.8,-0.83826,-0.18646,-1.1929,-5.3629,-5.9677e-06,1.0209e-05
39.0,17.3518,45.5266,,2.0,1000000000.0,0.8720052871759999,0.0,0.0,0.0,0.0,0.0,0.0,0.0,0.0
40.0,2.5005,4.806,,2.0,200000000.0,119.4452997281,0.0,0.0,0.0,0.0,0.0,0.0,0.0,0.0
40.0,2.5001,4.8058,,2.0,250000000.0,28.45761257,0.0,0.0,0.0,0.0,0.0,0.0,0.0,0.0
40.0,2.5002,4.8058,,2.0,300000000.0,6.668624330000001,0.0,0.0,0.0,0.0,0.0,0.0,0.0,0.0
40.0,2.5001,4.8058,,2.0,350000000.0,1.059631717,0.0,0.0,0.0,0.0,0.0,0.0,0.0,0.0
40.0,2.5001,4.8057,,2.0,400000000.0,0.009441851897,0.0,0.0,0.0,0.0,0.0,0.0,0.0,0.0
40.0,3.1554,7.882,,2.0,450000000.0,1.83733042e-22,8.5,7.3,-0.44828,-0.33153,-2.2307,-3.0164,1.3299e-11,2.621e-12
40.0,4.8386,6.5524,,3.0,500000000.0,3.990016134400001e-20,8.5,7.4,-0.2428,-0.21386,-4.11869,-4.676,1.924e-10,-5.3688e-11
40.0,5.3799,10.4039,,3.0,550000000.0,7.776899566900003e-22,8.5,7.4,-0.2852,-0.20547,-3.5064,-4.867,2.7237e-11,-5.9863e-12
40.0,6.0787,14.3657,,3.0,600000000.0,3.43532969e-24,8.5,7.5,-0.32816,-0.2005,-3.0473,-4.9875,1.8413e-12,2.12e-13
40.0,6.8638,18.5603,,3.0,650000000.0,3.8747400980000004e-13,8.4,7.5,-0.37406,-0.19735,-2.6734,-5.0673,-5.1907e-07,3.4357e-07
40.0,7.7021,23.0659,,3.0,700000000.0,4.213117442e-11,8.4,7.5,-0.42455,-0.19528,-2.3554,-5.1207,3.8779e-06,-5.2051e-06
40.0,8.5704,27.9639,,3.0,750000000.0,3.0715481575999996e-10,8.4,7.6,-0.48141,-0.1939,-2.0773,-5.1571,-1.5181e-05,8.7574e-06
40.0,9.4489,33.3574,,3.0,800000000.0,7.64281808e-12,8.4,7.6,-0.54681,-0.19293,-1.8288,-5.183,-1.3012e-06,2.4392e-06
40.0,10.317,39.4013,,3.0,850000000.0,3.27898304116e-11,8.4,7.6,-0.62402,-0.19212,-1.6025,-5.20479,-8.7754e-07,5.6586e-06
40.0,11.1476,46.3502,,3.0,900000000.0,4.513363394e-23,8.4,7.6,-0.71834,-0.19124,-1.3921,-5.229,4.9987e-12,-4.4885e-12
40.0,11.8971,54.6864,,3.0,950000000.0,3.40738225e-13,8.3,7.6,-0.84003,-0.18992,-1.19039,-5.2652,5.6355e-07,1.5215e-07
40.0,17.4445,44.5321,,2.0,1000000000.0,0.8671268564239999,0.0,0.0,0.0,0.0,0.0,0.0,0.0,0.0
37.0,2.501,4.806,,2.0,200000000.0,107.4282653761,0.0,0.0,0.0,0.0,0.0,0.0,0.0,0.0
37.0,2.5001,4.8058,,2.0,250000000.0,25.180408790100003,0.0,0.0,0.0,0.0,0.0,0.0,0.0,0.0
37.0,2.5001,4.8058,,2.0,300000000.0,5.6678466676,0.0,0.0,0.0,0.0,0.0,0.0,0.0,0.0
37.0,2.5001,4.8058,,2.0,350000000.0,0.7898672025000001,0.0,0.0,0.0,0.0,0.0,0.0,0.0,0.0
37.0,2.656,4.8001,,2.0,400000000.0,0.00089405058056,0.0,0.0,0.0,0.0,0.0,0.0,0.0,0.0
37.0,3.0283,9.0455,,2.0,450000000.0,2.6699194490000005e-27,9.2,7.8,-0.45264,-0.29677,-2.2092,-3.3697,-3.9493e-14,-3.332e-14
37.0,4.6695,7.9071,,3.0,500000000.0,1.521508297e-15,9.2,7.9,-0.24872,-0.19221,-4.0205,-5.2027,2.7704e-08,2.7459e-08
37.0,5.3682,11.621,,3.0,550000000.0,1.1409998137e-18,9.1,8.0,-0.28834,-0.18709,-3.4681,-5.345,-3.8776e-10,9.9531e-10
37.0,6.1741,15.5182,,3.0,600000000.0,1.540525867569e-12,9.1,8.0,-0.32983,-0.18408,-3.0318,-5.4327,1.2399e-06,-5.6337e-08
37.0,7.0465,19.6725,,3.0,650000000.0,7.908189969999998e-12,9.1,8.1,-0.37484,-0.18229,-2.6678,-5.4856,1.8794e-06,-2.0919e-06
37.0,7.9621,24.145,,3.0,700000000.0,5.880701770000002e-22,9.1,8.1,-0.42474,-0.18131,-2.3544,-5.5156,2.1596e-11,-1.1031e-11
37.0,8.9025,29.007,,3.0,750000000.0,6.237150660000001e-20,9.0,8.1,-0.4811,-0.18082,-2.0785,-5.5304,-2.0205e-10,-1.4679e-10
37.0,9.8504,34.3575,,3.0,800000000.0,1.8955228729e-10,9.0,8.2,-0.54605,-0.18062,-1.8313,-5.5366,6.6123e-06,-1.2076e-05
37.0,10.7865,40.3437,,3.0,850000000.0,1.4213196499999994e-10,9.0,8.2,-0.62263,-0.1805,-1.6061,-5.5398,-4.934e-06,1.0853e-05
37.0,11.6856,47.2079,,3.0,900000000.0,5.210160005e-15,9.0,8.2,-0.71592,-0.18028,-1.3968,-5.5466,-6.7423e-08,-2.5774e-08
37.0,12.5072,55.4053,,3.0,950000000.0,2.24499638116e-11,9.0,8.2,-0.83554,-0.17966,-1.1968,-5.5659,-4.6916e-06,6.6246e-07
37.0,17.2154,47.2733,,2.0,1000000000.0,0.8817664716039999,0.0,0.0,0.0,0.0,0.0,0.0,0.0,0.0
38.0,2.501,4.8062,,2.0,200000000.0,111.4535773264,0.0,0.0,0.0,0.0,0.0,0.0,0.0,0.0
38.0,2.5002,4.8058,,2.0,250000000.0,26.2729045256,0.0,0.0,0.0,0.0,0.0,0.0,0.0,0.0
38.0,2.5002,4.8058,,2.0,300000000.0,5.998878410000001,0.0,0.0,0.0,0.0,0.0,0.0,0.0,0.0
38.0,2.5001,4.8058,,2.0,350000000.0,0.8770506193,0.0,0.0,0.0,0.0,0.0,0.0,0.0,0.0
38.0,2.5477,4.8001,,2.0,400000000.0,0.0024481460944399,0.0,0.0,0.0,0.0,0.0,0.0,0.0,0.0
38.0,3.0573,8.6745,,2.0,450000000.0,3.195377354e-19,9.0,7.6,-0.45173,-0.30775,-2.21369,-3.2495,3.8785e-10,-4.1123e-10
38.0,4.7098,7.4738,,3.0,500000000.0,2.7491446800000003e-14,8.9,7.7,-0.24702,-0.19904,-4.0481,-5.0242,-1.0998e-07,-1.2408e-07
38.0,5.362,11.2234,,3.0,550000000.0,7.652074285000001e-25,8.9,7.8,-0.2874,-0.193,-3.4794,-5.1816,6.1107e-13,6.2594e-13
38.0,6.1339,15.1388,,3.0,600000000.0,2.3547893659600002e-15,8.9,7.8,-0.32931,-0.18938,-3.0366,-5.2802,4.817e-08,-5.8686e-09
38.0,6.9782,19.3045,,3.0,650000000.0,6.644250233000001e-27,8.9,7.9,-0.37456,-0.18718,-2.6698,-5.3423,2.7403e-14,7.6768e-14
38.0,7.8685,23.7872,,3.0,700000000.0,1.0019760724e-10,8.8,7.9,-0.42461,-0.18585,-2.3551,-5.3803,-6.0732e-06,7.957e-06
38.0,8.7849,28.6608,,3.0,750000000.0,4.9762081625e-22,8.8,7.9,-0.48112,-0.18509,-2.0785,-5.4026,2.0464e-11,8.8795e-12
38.0,9.7098,34.0253,,3.0,800000000.0,1.4697760620999998e-12,8.8,7.9,-0.54618,-0.18465,-1.8309,-5.4156,-5.7539e-07,1.0671e-06
38.0,10.6234,40.0303,,3.0,850000000.0,2.1834195280999997e-22,8.8,8.0,-0.62292,-0.18432,-1.6053,-5.4252,9.2959e-12,-1.1486e-11
38.0,11.4996,46.922,,3.0,900000000.0,9.79211144e-10,8.8,8.0,-0.71652,-0.18387,-1.3956,-5.438,-1.141e-05,2.9138e-05
38.0,12.2974,55.1653,,3.0,950000000.0,3.496593412e-21,8.7,8.0,-0.83677,-0.18304,-1.1951,-5.4632,-2.0744e-11,-5.5374e-11
38.0,17.255,46.4223,,2.0,1000000000.0,0.8769232524489999,0.0,0.0,0.0,0.0,0.0,0.0,0.0,0.0
13.0,2.5001,4.8058,,2.0,200000000.0,21.1010166676,0.0,0.0,0.0,0.0,0.0,0.0,0.0,0.0
13.0,2.5003,4.8059,,2.0,250000000.0,3.1572966500000006,0.0,0.0,0.0,0.0,0.0,0.0,0.0,0.0
13.0,2.5001,4.8057,,2.0,300000000.0,0.128193076961,0.0,0.0,0.0,0.0,0.0,0.0,0.0,0.0
13.0,2.9795,6.8298,,3.0,350000000.0,1.2379014244000002e-12,23.5,19.0,-0.18626,-0.07577,-5.3688,-13.198,-4.3488e-07,-1.0241e-06
13.0,4.3042,9.7892,,3.0,400000000.0,7.608971533225002e-22,23.1,19.2,-0.21697,-0.07797,-4.60879,-12.826,2.7582e-11,3.6115e-13
13.0,5.6958,12.9189,,3.0,450000000.0,1.11527036525e-11,22.9,19.4,-0.25066,-0.08053,-3.9894,-12.417,-6.4595e-07,3.2765e-06
13.0,7.1381,16.2246,,3.0,500000000.0,1.3013922349160003e-18,21.9,19.5,-0.28768,-0.08335,-3.4762,-11.997,-3.6554e-11,1.1402e-09
13.0,8.6175,19.72,,3.0,550000000.0,7.263900992e-17,19.5,19.7,-0.32841,-0.08635,-3.0449,-11.58,-4.4344e-09,7.2784e-09
13.0,10.1226,23.4275,,3.0,600000000.0,2.762682680225e-26,17.6,19.8,-0.3734,-0.08947,-2.678,-11.177,1.6598e-13,8.8015e-15
13.0,11.6439,27.3782,,3.0,650000000.0,1.9351462184e-12,15.9,19.9,-0.42332,-0.09265,-2.3622,-10.793,5.0678e-07,-1.2955e-06
13.0,13.1709,31.6147,,3.0,700000000.0,1.5703018599999999e-09,14.4,20.0,-0.47907,-0.09586,-2.0873,-10.43099,3.5952e-05,1.6666e-05
13.0,14.6941,36.1975,,3.0,750000000.0,4.567907556999999e-09,13.1,19.5,-0.54197,-0.09907,-1.8452,-10.095,-5.8706e-05,-3.3489e-05
13.0,16.2032,41.2031,,3.0,800000000.0,1.3409733541000005e-12,11.9,18.8,-0.61365,-0.1022,-1.6296,-9.78459,5.3521e-07,-1.0269e-06
13.0,17.6846,46.7559,,3.0,850000000.0,1.882391848e-09,10.8,18.2,-0.69688,-0.10524,-1.435,-9.5028,-3.8142e-05,-2.0678e-05
13.0,19.1221,53.0366,,3.0,900000000.0,2.7256702099999997e-09,9.9,17.7,-0.79573,-0.10808,-1.2567,-9.2516,4.6141e-05,2.4427e-05
13.0,19.5435,59.9959,,2.0,950000000.0,0.8474659301,0.0,0.0,0.0,0.0,0.0,0.0,0.0,0.0
13.0,22.4405,59.9906,,2.0,1000000000.0,1.1330574581,0.0,0.0,0.0,0.0,0.0,0.0,0.0,0.0
15.0,2.5001,4.8058,,2.0,200000000.0,26.5722206536,0.0,0.0,0.0,0.0,0.0,0.0,0.0,0.0
15.0,2.5003,4.8059,,2.0,250000000.0,4.3887942484,0.0,0.0,0.0,0.0,0.0,0.0,0.0,0.0
15.0,2.5001,4.8057,,2.0,300000000.0,0.29430712365025,0.0,0.0,0.0,0.0,0.0,0.0,0.0,0.0
15.0,2.6976,6.2543,,3.0,350000000.0,3.6740651567524e-25,21.0,16.9,-0.18204,-0.08339,-5.4933,-11.992,6.061e-13,7.0218e-15
15.0,3.9396,9.2147,,3.0,400000000.0,2.6162327650000003e-19,20.7,17.1,-0.21204,-0.08511,-4.7159,-11.749,1.0194e-10,-5.0123e-10
15.0,5.2549,12.3521,,3.0,450000000.0,1.4097565589e-12,20.5,17.3,-0.24486,-0.0873,-4.0837,-11.455,1.4617e-07,-1.1783e-06
15.0,6.6266,15.6707,,3.0,500000000.0,1.1657177722899999e-21,20.3,17.4,-0.28094,-0.08981,-3.5596,-11.134,7.8877e-12,-3.3219e-11
15.0,8.0407,19.183,,3.0,550000000.0,2.4416064421e-12,20.1,17.5,-0.32065,-0.09256,-3.1186,-10.804,-8.6289e-07,1.3027e-06
15.0,9.4854,22.9102,,3.0,600000000.0,5.1693424747600006e-11,18.1,17.6,-0.36456,-0.09546,-2.7429,-10.476,7.1863e-06,2.2476e-07
15.0,10.9498,26.8832,,3.0,650000000.0,7.2015857e-12,16.3,17.7,-0.41338,-0.09845,-2.41909,-10.157,-1.3831e-06,2.2997e-06
15.0,12.424,31.1443,,3.0,700000000.0,2.0322299869e-12,14.8,17.8,-0.46798,-0.1015,-2.1368,-9.8521,5.0187e-07,-1.3343e-06
15.0,13.8979,35.7517,,3.0,750000000.0,2.2078083700000005e-11,13.4,17.8,-0.52959,-0.10454,-1.8882,-9.565,-2.2843e-06,4.1061e-06
15.0,15.3599,40.7876,,3.0,800000000.0,3.0802421575924005e-11,12.2,17.9,-0.60001,-0.10754,-1.6666,-9.29829,-5.5499e-06,-3.2118e-08
15.0,16.797,46.3737,,3.0,850000000.0,1.5570949301e-10,11.1,17.5,-0.68185,-0.11043,-1.4666,-9.0546,-6.1049e-06,1.0883e-05
15.0,18.1917,52.6982,,3.0,900000000.0,1.1378352916e-12,10.1,17.0,-0.77933,-0.11315,-1.28319,-8.83719,-4.8804e-07,9.485e-07
15.0,19.5479,60.0,,3.0,950000000.0,2.116855953e-05,9.2,16.6,-0.89753,-0.1174,-1.1132,-8.6515,0.0028692,-0.0035967
15.0,21.1718,59.9831,,2.0,1000000000.0,1.0856714116000006,0.0,0.0,0.0,0.0,0.0,0.0,0.0,0.0
16.0,2.5001,4.8058,,2.0,200000000.0,29.4909262084,0.0,0.0,0.0,0.0,0.0,0.0,0.0,0.0
16.0,2.5003,4.8059,,2.0,250000000.0,5.066031428100001,0.0,0.0,0.0,0.0,0.0,0.0,0.0,0.0
16.0,2.5001,4.8058,,2.0,300000000.0,0.405691249941,0.0,0.0,0.0,0.0,0.0,0.0,0.0,0.0
16.0,2.5837,5.9554,,3.0,350000000.0,6.707893299999999e-27,19.9,16.0,-0.18021,-0.08741,-5.5489,-11.44,-5.9814e-14,5.5948e-14
16.0,3.7849,8.9155,,3.0,400000000.0,2.24000239625e-23,19.6,16.2,-0.20996,-0.08886,-4.7627,-11.254,7.4915e-13,4.6732e-12
16.0,5.063,12.0557,,3.0,450000000.0,4.577852497e-15,19.4,16.4,-0.24244,-0.09083,-4.12479,-11.009,-6.6719e-08,1.1244e-08
16.0,6.4,15.3798,,3.0,500000000.0,2.226625165e-19,19.2,16.5,-0.27808,-0.09318,-3.5961,-10.732,1.7837e-10,4.3686e-10
16.0,7.7819,18.8997,,3.0,550000000.0,6.998483081000001e-17,19.1,16.6,-0.31734,-0.09578,-3.1511,-10.441,4.832e-09,-6.8291e-09
16.0,9.1965,22.6361,,3.0,600000000.0,1.64387239821e-11,18.3,16.7,-0.36078,-0.09856,-2.7718,-10.146,-3.9669e-06,8.3811e-07
16.0,10.6328,26.6198,,3.0,650000000.0,4.31434253825e-21,16.5,16.8,-0.40907,-0.10145,-2.4445,-9.85699,9.5615e-12,6.4984e-11
16.0,12.0805,30.8928,,3.0,700000000.0,3.2078238949000004e-12,15.0,16.9,-0.46312,-0.1044,-2.15919,-9.5782,-8.8993e-07,1.5543e-06
16.0,13.5296,35.5134,,3.0,750000000.0,1.7179043050000001e-13,13.6,16.9,-0.52418,-0.10736,-1.9077,-9.3138,-1.7592e-07,3.7529e-07
16.0,14.9681,40.5643,,3.0,800000000.0,1.0594311025e-10,12.4,17.0,-0.59401,-0.11029,-1.6835,-9.0671,-1.028e-05,5.145e-07
16.0,16.3824,46.1681,,3.0,850000000.0,1.4678209801e-10,11.2,17.0,-0.67523,-0.11311,-1.481,-8.8411,-1.2024e-05,-1.4851e-06
16.0,17.7556,52.5139,,3.0,900000000.0,4.2568491860000023e-13,10.2,16.7,-0.77205,-0.11575,-1.29519,-8.6393,2.8025e-07,-5.8919e-07
16.0,19.0596,59.9349,,3.0,950000000.0,8.138352050000004e-20,9.3,16.3,-0.89198,-0.11809,-1.1211,-8.4677,-1.4449e-10,2.4598e-10
16.0,20.0213,59.9667,,2.0,1000000000.0,1.0638388721000005,0.0,0.0,0.0,0.0,0.0,0.0,0.0,0.0
